Workbook

Sheet PETUNJUK
A1: TEMU KOPI / PANDUAN OPERASIONAL
A3: MULAI DI SINI | B3: Data dengan ID berawalan CONTOH- adalah simulasi. Hapus/ganti sebelum transaksi nyata. Semua angka contoh bukan harga resmi.
A4: URUTAN SETUP | B4: Isi MASTER MENU dan MASTER BAHAN → RESEP DAN HPP → cek kelengkapan → isi stok awal → mulai transaksi.
A5: URUTAN HARIAN | B5: Catat STOK MASUK; PERGERAKAN STOK; TRANSAKSI PENJUALAN dan DETAIL TRANSAKSI; refund berhasil; PENGELUARAN; tutup SHIFT KASIR; tinjau laporan.
A6: KUNING MUDA | B6: Kolom input pengguna. Kode/nomor transaksi harus unik. Tanggal dan jam dicatat dalam WIB.
A7: HIJAU MUDA | B7: Kolom rumus otomatis. Jangan ketik di atas rumus. Saat impor Google Sheets, periksa kembali validasi dan tabel.
A8: STATUS MERAH | B8: Perlu tindakan: Habis, Menipis, HPP belum lengkap, atau selisih kas Kurang. Teks status tetap dapat dibaca tanpa warna.
A9: MASTER MENU | B9: Isi ID, nama, kategori, jenis, varian, harga jual, status, tiket dapur, catatan, tanggal. Harga contoh hanya simulasi.
A10: MASTER BAHAN | B10: Isi stok awal/minimum, harga beli total untuk jumlah pembelian dalam satuan dasar (gram/ml/pcs); biaya per satuan dihitung.
A11: RESEP DAN HPP | B11: Isi ID menu, ID bahan dan jumlah per porsi. Satu baris untuk satu bahan. Biaya, total HPP, laba, margin, status otomatis.
A12: STOK MASUK / PERGERAKAN | B12: Isi pembelian dan pemakaian/waste/penyesuaian/retur. Penyesuaian bertanda + atau −; retur ke supplier bertanda positif dan mengurangi stok.
A13: RINGKASAN STOK | B13: Stok awal + masuk − pemakaian − waste + penyesuaian − retur. Nilai persediaan hanya estimasi biaya terkini.
A14: TRANSAKSI / DETAIL | B14: Isi satu pesanan per baris header, satu item per baris detail. Alokasikan diskon/refund ke item hingga jumlahnya sama dengan header.
... A35: CHECKLIST HARIAN | B35: Gunakan satu ID per tanggal dan shift; satu baris mewakili satu item pemeriksaan.

Sheet MASTER MENU
A1: MASTER MENU
A2: Isi sel kuning. Semua entri awal CONTOH.
A3: ISI MANUAL | B3: HASIL OTOMATIS | C3: ID CONTOH- = simulasi
A4: ID menu | B4: Nama menu | C4: Kategori | D4: Jenis | E4: Varian | F4: Harga jual | G4: Status | H4: Dikirim ke dapur | I4: Catatan | J4: Tanggal diperbarui
A5: CONTOH-M01 | B5: Kopi Susu Gula Aren | C5: Kopi | D5: Minuman | E5: Reguler | F5: 28000 | G5: Aktif | H5: Ya | I5: CONTOH - ganti sesuai menu final | J5: 46325
A6: CONTOH-M02 | B6: Americano | C6: Kopi | D6: Minuman | E6: Ice | F6: 25000 | G6: Aktif | H6: Ya | I6: CONTOH - ganti sesuai menu final | J6: 46325
A7: CONTOH-M03 | B7: Latte | C7: Kopi | D7: Minuman | E7: Hot | F7: 32000 | G7: Aktif | H7: Ya | I7: CONTOH - ganti sesuai menu final | J7: 46325
A8: CONTOH-M04 | B8: Matcha Latte | C8: Non-kopi | D8: Minuman | E8: Ice | F8: 33000 | G8: Aktif | H8: Ya | I8: CONTOH - ganti sesuai menu final | J8: 46325
A9: CONTOH-M05 | B9: Teh Lemon | C9: Teh | D9: Minuman | E9: Ice | F9: 22000 | G9: Aktif | H9: Ya | I9: CONTOH - ganti sesuai menu final | J9: 46325
A10: CONTOH-M06 | B10: Croissant Butter | C10: Pastry | D10: Makanan | E10: Reguler | F10: 27000 | G10: Aktif | H10: Ya | I10: CONTOH - ganti sesuai menu final | J10: 46325
A11: CONTOH-M07 | B11: Nasi Goreng | C11: Makanan berat | D11: Makanan | E11: Reguler | F11: 42000 | G11: Aktif | H11: Ya | I11: CONTOH - ganti sesuai menu final | J11: 46325
A12: CONTOH-M08 | B12: Kentang Goreng | C12: Camilan | D12: Makanan | E12: Reguler | F12: 26000 | G12: Aktif | H12: Ya | I12: CONTOH - ganti sesuai menu final | J12: 46325
A13: CONTOH-M09 | B13: Espresso | C13: Kopi | D13: Minuman | E13: Single | F13: 20000 | G13: Aktif | H13: Ya | I13: CONTOH - ganti sesuai menu final | J13: 46325
A14: CONTOH-M10 | B14: Roti Bakar | C14: Camilan | D14: Makanan | E14: Reguler | F14: 24000 | G14: Aktif | H14: Ya | I14: CONTOH - ganti sesuai menu final | J14: 46325

Sheet MASTER BAHAN
A1: MASTER BAHAN
A2: Harga beli = total tagihan untuk jumlah pembelian dalam satuan dasar; bukan harga per kemasan.
A3: ISI MANUAL | B3: HASIL OTOMATIS | C3: ID CONTOH- = simulasi
A4: ID bahan | B4: Nama bahan | C4: Kategori bahan | D4: Satuan dasar | E4: Stok awal | F4: Stok minimum | G4: Harga beli | H4: Jumlah pembelian | I4: Biaya per satuan dasar | J4: Supplier | K4: Status stok | L4: Tanggal diperbarui
A5: CONTOH-B01 | B5: Biji kopi | C5: Kopi | D5: gram | E5: 3000 | F5: 500 | G5: 150000 | H5: 1000 | I5: =IF(A5="","",IF(OR(NOT(ISNUMBER(G5)),NOT(ISNUMBER(H5)),H5<=0),"BELUM LENGKAP",ROUND(G5/H5,4))) -> 150 | J5: Supplier CONTOH | K5: =IF(A5="","",IF(COUNTIFS('RINGKASAN STOK'!$A$5:$A$504,A5)=0,"BELUM LENGKAP",INDEX('RINGKASAN STOK'!$J$5:$J$504,MATCH(A5,'RINGKASAN STOK'!$A$5:$A$504,0)))) -> Aman | L5: 46325
A6: CONTOH-B02 | B6: Susu UHT | C6: Susu | D6: ml | E6: 8000 | F6: 2000 | G6: 24000 | H6: 1000 | I6: =IF(A6="","",IF(OR(NOT(ISNUMBER(G6)),NOT(ISNUMBER(H6)),H6<=0),"BELUM LENGKAP",ROUND(G6/H6,4))) -> 24 | J6: Supplier CONTOH | K6: =IF(A6="","",IF(COUNTIFS('RINGKASAN STOK'!$A$5:$A$504,A6)=0,"BELUM LENGKAP",INDEX('RINGKASAN STOK'!$J$5:$J$504,MATCH(A6,'RINGKASAN STOK'!$A$5:$A$504,0)))) -> Aman | L6: 46325
A7: CONTOH-B03 | B7: Gula aren | C7: Pemanis | D7: ml | E7: 2000 | F7: 500 | G7: 40000 | H7: 1000 | I7: =IF(A7="","",IF(OR(NOT(ISNUMBER(G7)),NOT(ISNUMBER(H7)),H7<=0),"BELUM LENGKAP",ROUND(G7/H7,4))) -> 40 | J7: Supplier CONTOH | K7: =IF(A7="","",IF(COUNTIFS('RINGKASAN STOK'!$A$5:$A$504,A7)=0,"BELUM LENGKAP",INDEX('RINGKASAN STOK'!$J$5:$J$504,MATCH(A7,'RINGKASAN STOK'!$A$5:$A$504,0)))) -> Aman | L7: 46325
A8: CONTOH-B04 | B8: Air mineral | C8: Lainnya | D8: ml | E8: 20000 | F8: 3000 | G8: 8000 | H8: 10000 | I8: =IF(A8="","",IF(OR(NOT(ISNUMBER(G8)),NOT(ISNUMBER(H8)),H8<=0),"BELUM LENGKAP",ROUND(G8/H8,4))) -> 0.8 | J8: Supplier CONTOH | K8: =IF(A8="","",IF(COUNTIFS('RINGKASAN STOK'!$A$5:$A$504,A8)=0,"BELUM LENGKAP",INDEX('RINGKASAN STOK'!$J$5:$J$504,MATCH(A8,'RINGKASAN STOK'!$A$5:$A$504,0)))) -> Aman | L8: 46325
A9: CONTOH-B05 | B9: Bubuk matcha | C9: Bubuk | D9: gram | E9: 500 | F9: 100 | G9: 220000 | H9: 1000 | I9: =IF(A9="","",IF(OR(NOT(ISNUMBER(G9)),NOT(ISNUMBER(H9)),H9<=0),"BELUM LENGKAP",ROUND(G9/H9,4))) -> 220 | J9: Supplier CONTOH | K9: =IF(A9="","",IF(COUNTIFS('RINGKASAN STOK'!$A$5:$A$504,A9)=0,"BELUM LENGKAP",INDEX('RINGKASAN STOK'!$J$5:$J$504,MATCH(A9,'RINGKASAN STOK'!$A$5:$A$504,0)))) -> Aman | L9: 46325
A10: CONTOH-B06 | B10: Teh celup | C10: Teh | D10: pcs | E10: 120 | F10: 20 | G10: 40000 | H10: 100 | I10: =IF(A10="","",IF(OR(NOT(ISNUMBER(G10)),NOT(ISNUMBER(H10)),H10<=0),"BELUM LENGKAP",ROUND(G10/H10,4))) -> 400 | J10: Supplier CONTOH | K10: =IF(A10="","",IF(COUNTIFS('RINGKASAN STOK'!$A$5:$A$504,A10)=0,"BELUM LENGKAP",INDEX('RINGKASAN STOK'!$J$5:$J$504,MATCH(A10,'RINGKASAN STOK'!$A$5:$A$504,0)))) -> Aman | L10: 46325
A11: CONTOH-B07 | B11: Lemon | C11: Buah | D11: gram | E11: 1500 | F11: 200 | G11: 30000 | H11: 1000 | I11: =IF(A11="","",IF(OR(NOT(ISNUMBER(G11)),NOT(ISNUMBER(H11)),H11<=0),"BELUM LENGKAP",ROUND(G11/H11,4))) -> 30 | J11: Supplier CONTOH | K11: =IF(A11="","",IF(COUNTIFS('RINGKASAN STOK'!$A$5:$A$504,A11)=0,"BELUM LENGKAP",INDEX('RINGKASAN STOK'!$J$5:$J$504,MATCH(A11,'RINGKASAN STOK'!$A$5:$A$504,0)))) -> Aman | L11: 46325
A12: CONTOH-B08 | B12: Croissant beku | C12: Pastry | D12: pcs | E12: 30 | F12: 8 | G12: 150000 | H12: 20 | I12: =IF(A12="","",IF(OR(NOT(ISNUMBER(G12)),NOT(ISNUMBER(H12)),H12<=0),"BELUM LENGKAP",ROUND(G12/H12,4))) -> 7500 | J12: Supplier CONTOH | K12: =IF(A12="","",IF(COUNTIFS('RINGKASAN STOK'!$A$5:$A$504,A12)=0,"BELUM LENGKAP",INDEX('RINGKASAN STOK'!$J$5:$J$504,MATCH(A12,'RINGKASAN STOK'!$A$5:$A$504,0)))) -> Aman | L12: 46325
A13: CONTOH-B09 | B13: Beras | C13: Bahan dapur | D13: gram | E13: 5000 | F13: 1000 | G13: 17000 | H13: 1000 | I13: =IF(A13="","",IF(OR(NOT(ISNUMBER(G13)),NOT(ISNUMBER(H13)),H13<=0),"BELUM LENGKAP",ROUND(G13/H13,4))) -> 17 | J13: Supplier CONTOH | K13: =IF(A13="","",IF(COUNTIFS('RINGKASAN STOK'!$A$5:$A$504,A13)=0,"BELUM LENGKAP",INDEX('RINGKASAN STOK'!$J$5:$J$504,MATCH(A13,'RINGKASAN STOK'!$A$5:$A$504,0)))) -> Aman | L13: 46325
A14: CONTOH-B10 | B14: Telur | C14: Bahan dapur | D14: pcs | E14: 80 | F14: 15 | G14: 30000 | H14: 30 | I14: =IF(A14="","",IF(OR(NOT(ISNUMBER(G14)),NOT(ISNUMBER(H14)),H14<=0),"BELUM LENGKAP",ROUND(G14/H14,4))) -> 1000 | J14: Supplier CONTOH | K14: =IF(A14="","",IF(COUNTIFS('RINGKASAN STOK'!$A$5:$A$504,A14)=0,"BELUM LENGKAP",INDEX('RINGKASAN STOK'!$J$5:$J$504,MATCH(A14,'RINGKASAN STOK'!$A$5:$A$504,0)))) -> Aman | L14: 46325
A15: CONTOH-B11 | B15: Kentang beku | C15: Bahan dapur | D15: gram | E15: 3000 | F15: 500 | G15: 50000 | H15: 1000 | I15: =IF(A15="","",IF(OR(NOT(ISNUMBER(G15)),NOT(ISNUMBER(H15)),H15<=0),"BELUM LENGKAP",ROUND(G15/H15,4))) -> 50 | J15: Supplier CONTOH | K15: =IF(A15="","",IF(COUNTIFS('RINGKASAN STOK'!$A$5:$A$504,A15)=0,"BELUM LENGKAP",INDEX('RINGKASAN STOK'!$J$5:$J$504,MATCH(A15,'RINGKASAN STOK'!$A$5:$A$504,0)))) -> Aman | L15: 46325
A16: CONTOH-B12 | B16: Roti | C16: Bahan dapur | D16: pcs | E16: 35 | F16: 10 | G16: 50000 | H16: 20 | I16: =IF(A16="","",IF(OR(NOT(ISNUMBER(G16)),NOT(ISNUMBER(H16)),H16<=0),"BELUM LENGKAP",ROUND(G16/H16,4))) -> 2500 | J16: Supplier CONTOH | K16: =IF(A16="","",IF(COUNTIFS('RINGKASAN STOK'!$A$5:$A$504,A16)=0,"BELUM LENGKAP",INDEX('RINGKASAN STOK'!$J$5:$J$504,MATCH(A16,'RINGKASAN STOK'!$A$5:$A$504,0)))) -> Aman | L16: 46325
I17: =IF(A17="","",IF(OR(NOT(ISNUMBER(G17)),NOT(ISNUMBER(H17)),H17<=0),"BELUM LENGKAP",ROUND(G17/H17,4))) | K17: =IF(A17="","",IF(COUNTIFS('RINGKASAN STOK'!$A$5:$A$504,A17)=0,"BELUM LENGKAP",INDEX('RINGKASAN STOK'!$J$5:$J$504,MATCH(A17,'RINGKASAN STOK'!$A$5:$A$504,0))))
I18: =IF(A18="","",IF(OR(NOT(ISNUMBER(G18)),NOT(ISNUMBER(H18)),H18<=0),"BELUM LENGKAP",ROUND(G18/H18,4))) | K18: =IF(A18="","",IF(COUNTIFS('RINGKASAN STOK'!$A$5:$A$504,A18)=0,"BELUM LENGKAP",INDEX('RINGKASAN STOK'!$J$5:$J$504,MATCH(A18,'RINGKASAN STOK'!$A$5:$A$504,0))))
I19: =IF(A19="","",IF(OR(NOT(ISNUMBER(G19)),NOT(ISNUMBER(H19)),H19<=0),"BELUM LENGKAP",ROUND(G19/H19,4))) | K19: =IF(A19="","",IF(COUNTIFS('RINGKASAN STOK'!$A$5:$A$504,A19)=0,"BELUM LENGKAP",INDEX('RINGKASAN STOK'!$J$5:$J$504,MATCH(A19,'RINGKASAN STOK'!$A$5:$A$504,0))))
I20: =IF(A20="","",IF(OR(NOT(ISNUMBER(G20)),NOT(ISNUMBER(H20)),H20<=0),"BELUM LENGKAP",ROUND(G20/H20,4))) | K20: =IF(A20="","",IF(COUNTIFS('RINGKASAN STOK'!$A$5:$A$504,A20)=0,"BELUM LENGKAP",INDEX('RINGKASAN STOK'!$J$5:$J$504,MATCH(A20,'RINGKASAN STOK'!$A$5:$A$504,0))))
I21: =IF(A21="","",IF(OR(NOT(ISNUMBER(G21)),NOT(ISNUMBER(H21)),H21<=0),"BELUM LENGKAP",ROUND(G21/H21,4))) | K21: =IF(A21="","",IF(COUNTIFS('RINGKASAN STOK'!$A$5:$A$504,A21)=0,"BELUM LENGKAP",INDEX('RINGKASAN STOK'!$J$5:$J$504,MATCH(A21,'RINGKASAN STOK'!$A$5:$A$504,0))))
I22: =IF(A22="","",IF(OR(NOT(ISNUMBER(G22)),NOT(ISNUMBER(H22)),H22<=0),"BELUM LENGKAP",ROUND(G22/H22,4))) | K22: =IF(A22="","",IF(COUNTIFS('RINGKASAN STOK'!$A$5:$A$504,A22)=0,"BELUM LENGKAP",INDEX('RINGKASAN STOK'!$J$5:$J$504,MATCH(A22,'RINGKASAN STOK'!$A$5:$A$504,0))))
I23: =IF(A23="","",IF(OR(NOT(ISNUMBER(G23)),NOT(ISNUMBER(H23)),H23<=0),"BELUM LENGKAP",ROUND(G23/H23,4))) | K23: =IF(A23="","",IF(COUNTIFS('RINGKASAN STOK'!$A$5:$A$504,A23)=0,"BELUM LENGKAP",INDEX('RINGKASAN STOK'!$J$5:$J$504,MATCH(A23,'RINGKASAN STOK'!$A$5:$A$504,0))))
I24: =IF(A24="","",IF(OR(NOT(ISNUMBER(G24)),NOT(ISNUMBER(H24)),H24<=0),"BELUM LENGKAP",ROUND(G24/H24,4))) | K24: =IF(A24="","",IF(COUNTIFS('RINGKASAN STOK'!$A$5:$A$504,A24)=0,"BELUM LENGKAP",INDEX('RINGKASAN STOK'!$J$5:$J$504,MATCH(A24,'RINGKASAN STOK'!$A$5:$A$504,0))))
I25: =IF(A25="","",IF(OR(NOT(ISNUMBER(G25)),NOT(ISNUMBER(H25)),H25<=0),"BELUM LENGKAP",ROUND(G25/H25,4))) | K25: =IF(A25="","",IF(COUNTIFS('RINGKASAN STOK'!$A$5:$A$504,A25)=0,"BELUM LENGKAP",INDEX('RINGKASAN STOK'!$J$5:$J$504,MATCH(A25,'RINGKASAN STOK'!$A$5:$A$504,0))))
I26: =IF(A26="","",IF(OR(NOT(ISNUMBER(G26)),NOT(ISNUMBER(H26)),H26<=0),"BELUM LENGKAP",ROUND(G26/H26,4))) | K26: =IF(A26="","",IF(COUNTIFS('RINGKASAN STOK'!$A$5:$A$504,A26)=0,"BELUM LENGKAP",INDEX('RINGKASAN STOK'!$J$5:$J$504,MATCH(A26,'RINGKASAN STOK'!$A$5:$A$504,0))))
I27: =IF(A27="","",IF(OR(NOT(ISNUMBER(G27)),NOT(ISNUMBER(H27)),H27<=0),"BELUM LENGKAP",ROUND(G27/H27,4))) | K27: =IF(A27="","",IF(COUNTIFS('RINGKASAN STOK'!$A$5:$A$504,A27)=0,"BELUM LENGKAP",INDEX('RINGKASAN STOK'!$J$5:$J$504,MATCH(A27,'RINGKASAN STOK'!$A$5:$A$504,0))))
I28: =IF(A28="","",IF(OR(NOT(ISNUMBER(G28)),NOT(ISNUMBER(H28)),H28<=0),"BELUM LENGKAP",ROUND(G28/H28,4))) | K28: =IF(A28="","",IF(COUNTIFS('RINGKASAN STOK'!$A$5:$A$504,A28)=0,"BELUM LENGKAP",INDEX('RINGKASAN STOK'!$J$5:$J$504,MATCH(A28,'RINGKASAN STOK'!$A$5:$A$504,0))))
... I64: =IF(A64="","",IF(OR(NOT(ISNUMBER(G64)),NOT(ISNUMBER(H64)),H64<=0),"BELUM LENGKAP",ROUND(G64/H64,4))) | K64: =IF(A64="","",IF(COUNTIFS('RINGKASAN STOK'!$A$5:$A$504,A64)=0,"BELUM LENGKAP",INDEX('RINGKASAN STOK'!$J$5:$J$504,MATCH(A64,'RINGKASAN STOK'!$A$5:$A$504,0))))

Sheet RESEP DAN HPP
A1: RESEP DAN HPP
A2: Satu baris per bahan. Total HPP diulang pada baris resep yang sama agar mudah difilter.
A3: ISI MANUAL | B3: HASIL OTOMATIS | C3: ID CONTOH- = simulasi
A4: ID menu | B4: Nama menu | C4: Varian | D4: ID bahan | E4: Nama bahan | F4: Jumlah / porsi | G4: Satuan | H4: Biaya / satuan | I4: Biaya bahan / porsi | J4: Total HPP menu | K4: Harga jual | L4: Laba kotor | M4: Margin | N4: Status kelengkapan HPP
A5: CONTOH-M01 | B5: =IF(A5="","",IF(COUNTIFS('MASTER MENU'!$A$5:$A$504,A5)=0,"BELUM ADA",INDEX('MASTER MENU'!$B$5:$B$504,MATCH(A5,'MASTER MENU'!$A$5:$A$504,0)))) -> Kopi Susu Gula Aren | C5: =IF(A5="","",IF(COUNTIFS('MASTER MENU'!$A$5:$A$504,A5)=0,"BELUM ADA",INDEX('MASTER MENU'!$E$5:$E$504,MATCH(A5,'MASTER MENU'!$A$5:$A$504,0)))) -> Reguler | D5: CONTOH-B01 | E5: =IF(D5="","",IF(COUNTIFS('MASTER BAHAN'!$A$5:$A$504,D5)=0,"BELUM ADA",INDEX('MASTER BAHAN'!$B$5:$B$504,MATCH(D5,'MASTER BAHAN'!$A$5:$A$504,0)))) -> Biji kopi | F5: 18 | G5: =IF(D5="","",IF(COUNTIFS('MASTER BAHAN'!$A$5:$A$504,D5)=0,"BELUM ADA",INDEX('MASTER BAHAN'!$D$5:$D$504,MATCH(D5,'MASTER BAHAN'!$A$5:$A$504,0)))) -> gram | H5: =IF(D5="","",IF(COUNTIFS('MASTER BAHAN'!$A$5:$A$504,D5)=0,"BELUM ADA",INDEX('MASTER BAHAN'!$I$5:$I$504,MATCH(D5,'MASTER BAHAN'!$A$5:$A$504,0)))) -> 150 | I5: =IF(A5="","",IF(OR(NOT(ISNUMBER(F5)),NOT(ISNUMBER(H5))),"BELUM LENGKAP",ROUND(F5*H5,0))) -> 2700 | J5: =IF(A5="","",IF(COUNTIFS($A$5:$A$504,A5,$N$5:$N$504,"BELUM LENGKAP")>0,"BELUM LENGKAP",SUMIFS($I$5:$I$504,$A$5:$A$504,A5))) -> 7300 | K5: =IF(A5="","",IF(COUNTIFS('MASTER MENU'!$A$5:$A$504,A5)=0,"BELUM ADA",INDEX('MASTER MENU'!$F$5:$F$504,MATCH(A5,'MASTER MENU'!$A$5:$A$504,0)))) -> 28000 | L5: =IF(A5="","",IF(OR(NOT(ISNUMBER(J5)),NOT(ISNUMBER(K5))),"BELUM LENGKAP",K5-J5)) -> 20700 | M5: =IF(A5="","",IF(OR(NOT(ISNUMBER(L5)),K5=0),"BELUM LENGKAP",L5/K5)) -> 0.73928571 | N5: =IF(A5="","",IF(OR(B5="BELUM ADA",E5="BELUM ADA",NOT(ISNUMBER(F5)),F5<=0,NOT(ISNUMBER(H5)),NOT(ISNUMBER(K5))),"BELUM LENGKAP","LENGKAP")) -> LENGKAP
A6: CONTOH-M01 | B6: =IF(A6="","",IF(COUNTIFS('MASTER MENU'!$A$5:$A$504,A6)=0,"BELUM ADA",INDEX('MASTER MENU'!$B$5:$B$504,MATCH(A6,'MASTER MENU'!$A$5:$A$504,0)))) -> Kopi Susu Gula Aren | C6: =IF(A6="","",IF(COUNTIFS('MASTER MENU'!$A$5:$A$504,A6)=0,"BELUM ADA",INDEX('MASTER MENU'!$E$5:$E$504,MATCH(A6,'MASTER MENU'!$A$5:$A$504,0)))) -> Reguler | D6: CONTOH-B02 | E6: =IF(D6="","",IF(COUNTIFS('MASTER BAHAN'!$A$5:$A$504,D6)=0,"BELUM ADA",INDEX('MASTER BAHAN'!$B$5:$B$504,MATCH(D6,'MASTER BAHAN'!$A$5:$A$504,0)))) -> Susu UHT | F6: 150 | G6: =IF(D6="","",IF(COUNTIFS('MASTER BAHAN'!$A$5:$A$504,D6)=0,"BELUM ADA",INDEX('MASTER BAHAN'!$D$5:$D$504,MATCH(D6,'MASTER BAHAN'!$A$5:$A$504,0)))) -> ml | H6: =IF(D6="","",IF(COUNTIFS('MASTER BAHAN'!$A$5:$A$504,D6)=0,"BELUM ADA",INDEX('MASTER BAHAN'!$I$5:$I$504,MATCH(D6,'MASTER BAHAN'!$A$5:$A$504,0)))) -> 24 | I6: =IF(A6="","",IF(OR(NOT(ISNUMBER(F6)),NOT(ISNUMBER(H6))),"BELUM LENGKAP",ROUND(F6*H6,0))) -> 3600 | J6: =IF(A6="","",IF(COUNTIFS($A$5:$A$504,A6,$N$5:$N$504,"BELUM LENGKAP")>0,"BELUM LENGKAP",SUMIFS($I$5:$I$504,$A$5:$A$504,A6))) -> 7300 | K6: =IF(A6="","",IF(COUNTIFS('MASTER MENU'!$A$5:$A$504,A6)=0,"BELUM ADA",INDEX('MASTER MENU'!$F$5:$F$504,MATCH(A6,'MASTER MENU'!$A$5:$A$504,0)))) -> 28000 | L6: =IF(A6="","",IF(OR(NOT(ISNUMBER(J6)),NOT(ISNUMBER(K6))),"BELUM LENGKAP",K6-J6)) -> 20700 | M6: =IF(A6="","",IF(OR(NOT(ISNUMBER(L6)),K6=0),"BELUM LENGKAP",L6/K6)) -> 0.73928571 | N6: =IF(A6="","",IF(OR(B6="BELUM ADA",E6="BELUM ADA",NOT(ISNUMBER(F6)),F6<=0,NOT(ISNUMBER(H6)),NOT(ISNUMBER(K6))),"BELUM LENGKAP","LENGKAP")) -> LENGKAP
A7: CONTOH-M01 | B7: =IF(A7="","",IF(COUNTIFS('MASTER MENU'!$A$5:$A$504,A7)=0,"BELUM ADA",INDEX('MASTER MENU'!$B$5:$B$504,MATCH(A7,'MASTER MENU'!$A$5:$A$504,0)))) -> Kopi Susu Gula Aren | C7: =IF(A7="","",IF(COUNTIFS('MASTER MENU'!$A$5:$A$504,A7)=0,"BELUM ADA",INDEX('MASTER MENU'!$E$5:$E$504,MATCH(A7,'MASTER MENU'!$A$5:$A$504,0)))) -> Reguler | D7: CONTOH-B03 | E7: =IF(D7="","",IF(COUNTIFS('MASTER BAHAN'!$A$5:$A$504,D7)=0,"BELUM ADA",INDEX('MASTER BAHAN'!$B$5:$B$504,MATCH(D7,'MASTER BAHAN'!$A$5:$A$504,0)))) -> Gula aren | F7: 25 | G7: =IF(D7="","",IF(COUNTIFS('MASTER BAHAN'!$A$5:$A$504,D7)=0,"BELUM ADA",INDEX('MASTER BAHAN'!$D$5:$D$504,MATCH(D7,'MASTER BAHAN'!$A$5:$A$504,0)))) -> ml | H7: =IF(D7="","",IF(COUNTIFS('MASTER BAHAN'!$A$5:$A$504,D7)=0,"BELUM ADA",INDEX('MASTER BAHAN'!$I$5:$I$504,MATCH(D7,'MASTER BAHAN'!$A$5:$A$504,0)))) -> 40 | I7: =IF(A7="","",IF(OR(NOT(ISNUMBER(F7)),NOT(ISNUMBER(H7))),"BELUM LENGKAP",ROUND(F7*H7,0))) -> 1000 | J7: =IF(A7="","",IF(COUNTIFS($A$5:$A$504,A7,$N$5:$N$504,"BELUM LENGKAP")>0,"BELUM LENGKAP",SUMIFS($I$5:$I$504,$A$5:$A$504,A7))) -> 7300 | K7: =IF(A7="","",IF(COUNTIFS('MASTER MENU'!$A$5:$A$504,A7)=0,"BELUM ADA",INDEX('MASTER MENU'!$F$5:$F$504,MATCH(A7,'MASTER MENU'!$A$5:$A$504,0)))) -> 28000 | L7: =IF(A7="","",IF(OR(NOT(ISNUMBER(J7)),NOT(ISNUMBER(K7))),"BELUM LENGKAP",K7-J7)) -> 20700 | M7: =IF(A7="","",IF(OR(NOT(ISNUMBER(L7)),K7=0),"BELUM LENGKAP",L7/K7)) -> 0.73928571 | N7: =IF(A7="","",IF(OR(B7="BELUM ADA",E7="BELUM ADA",NOT(ISNUMBER(F7)),F7<=0,NOT(ISNUMBER(H7)),NOT(ISNUMBER(K7))),"BELUM LENGKAP","LENGKAP")) -> LENGKAP
A8: CONTOH-M02 | B8: =IF(A8="","",IF(COUNTIFS('MASTER MENU'!$A$5:$A$504,A8)=0,"BELUM ADA",INDEX('MASTER MENU'!$B$5:$B$504,MATCH(A8,'MASTER MENU'!$A$5:$A$504,0)))) -> Americano | C8: =IF(A8="","",IF(COUNTIFS('MASTER MENU'!$A$5:$A$504,A8)=0,"BELUM ADA",INDEX('MASTER MENU'!$E$5:$E$504,MATCH(A8,'MASTER MENU'!$A$5:$A$504,0)))) -> Ice | D8: CONTOH-B01 | E8: =IF(D8="","",IF(COUNTIFS('MASTER BAHAN'!$A$5:$A$504,D8)=0,"BELUM ADA",INDEX('MASTER BAHAN'!$B$5:$B$504,MATCH(D8,'MASTER BAHAN'!$A$5:$A$504,0)))) -> Biji kopi | F8: 20 | G8: =IF(D8="","",IF(COUNTIFS('MASTER BAHAN'!$A$5:$A$504,D8)=0,"BELUM ADA",INDEX('MASTER BAHAN'!$D$5:$D$504,MATCH(D8,'MASTER BAHAN'!$A$5:$A$504,0)))) -> gram | H8: =IF(D8="","",IF(COUNTIFS('MASTER BAHAN'!$A$5:$A$504,D8)=0,"BELUM ADA",INDEX('MASTER BAHAN'!$I$5:$I$504,MATCH(D8,'MASTER BAHAN'!$A$5:$A$504,0)))) -> 150 | I8: =IF(A8="","",IF(OR(NOT(ISNUMBER(F8)),NOT(ISNUMBER(H8))),"BELUM LENGKAP",ROUND(F8*H8,0))) -> 3000 | J8: =IF(A8="","",IF(COUNTIFS($A$5:$A$504,A8,$N$5:$N$504,"BELUM LENGKAP")>0,"BELUM LENGKAP",SUMIFS($I$5:$I$504,$A$5:$A$504,A8))) -> 3160 | K8: =IF(A8="","",IF(COUNTIFS('MASTER MENU'!$A$5:$A$504,A8)=0,"BELUM ADA",INDEX('MASTER MENU'!$F$5:$F$504,MATCH(A8,'MASTER MENU'!$A$5:$A$504,0)))) -> 25000 | L8: =IF(A8="","",IF(OR(NOT(ISNUMBER(J8)),NOT(ISNUMBER(K8))),"BELUM LENGKAP",K8-J8)) -> 21840 | M8: =IF(A8="","",IF(OR(NOT(ISNUMBER(L8)),K8=0),"BELUM LENGKAP",L8/K8)) -> 0.8736 | N8: =IF(A8="","",IF(OR(B8="BELUM ADA",E8="BELUM ADA",NOT(ISNUMBER(F8)),F8<=0,NOT(ISNUMBER(H8)),NOT(ISNUMBER(K8))),"BELUM LENGKAP","LENGKAP")) -> LENGKAP
A9: CONTOH-M02 | B9: =IF(A9="","",IF(COUNTIFS('MASTER MENU'!$A$5:$A$504,A9)=0,"BELUM ADA",INDEX('MASTER MENU'!$B$5:$B$504,MATCH(A9,'MASTER MENU'!$A$5:$A$504,0)))) -> Americano | C9: =IF(A9="","",IF(COUNTIFS('MASTER MENU'!$A$5:$A$504,A9)=0,"BELUM ADA",INDEX('MASTER MENU'!$E$5:$E$504,MATCH(A9,'MASTER MENU'!$A$5:$A$504,0)))) -> Ice | D9: CONTOH-B04 | E9: =IF(D9="","",IF(COUNTIFS('MASTER BAHAN'!$A$5:$A$504,D9)=0,"BELUM ADA",INDEX('MASTER BAHAN'!$B$5:$B$504,MATCH(D9,'MASTER BAHAN'!$A$5:$A$504,0)))) -> Air mineral | F9: 200 | G9: =IF(D9="","",IF(COUNTIFS('MASTER BAHAN'!$A$5:$A$504,D9)=0,"BELUM ADA",INDEX('MASTER BAHAN'!$D$5:$D$504,MATCH(D9,'MASTER BAHAN'!$A$5:$A$504,0)))) -> ml | H9: =IF(D9="","",IF(COUNTIFS('MASTER BAHAN'!$A$5:$A$504,D9)=0,"BELUM ADA",INDEX('MASTER BAHAN'!$I$5:$I$504,MATCH(D9,'MASTER BAHAN'!$A$5:$A$504,0)))) -> 0.8 | I9: =IF(A9="","",IF(OR(NOT(ISNUMBER(F9)),NOT(ISNUMBER(H9))),"BELUM LENGKAP",ROUND(F9*H9,0))) -> 160 | J9: =IF(A9="","",IF(COUNTIFS($A$5:$A$504,A9,$N$5:$N$504,"BELUM LENGKAP")>0,"BELUM LENGKAP",SUMIFS($I$5:$I$504,$A$5:$A$504,A9))) -> 3160 | K9: =IF(A9="","",IF(COUNTIFS('MASTER MENU'!$A$5:$A$504,A9)=0,"BELUM ADA",INDEX('MASTER MENU'!$F$5:$F$504,MATCH(A9,'MASTER MENU'!$A$5:$A$504,0)))) -> 25000 | L9: =IF(A9="","",IF(OR(NOT(ISNUMBER(J9)),NOT(ISNUMBER(K9))),"BELUM LENGKAP",K9-J9)) -> 21840 | M9: =IF(A9="","",IF(OR(NOT(ISNUMBER(L9)),K9=0),"BELUM LENGKAP",L9/K9)) -> 0.8736 | N9: =IF(A9="","",IF(OR(B9="BELUM ADA",E9="BELUM ADA",NOT(ISNUMBER(F9)),F9<=0,NOT(ISNUMBER(H9)),NOT(ISNUMBER(K9))),"BELUM LENGKAP","LENGKAP")) -> LENGKAP
A10: CONTOH-M03 | B10: =IF(A10="","",IF(COUNTIFS('MASTER MENU'!$A$5:$A$504,A10)=0,"BELUM ADA",INDEX('MASTER MENU'!$B$5:$B$504,MATCH(A10,'MASTER MENU'!$A$5:$A$504,0)))) -> Latte | C10: =IF(A10="","",IF(COUNTIFS('MASTER MENU'!$A$5:$A$504,A10)=0,"BELUM ADA",INDEX('MASTER MENU'!$E$5:$E$504,MATCH(A10,'MASTER MENU'!$A$5:$A$504,0)))) -> Hot | D10: CONTOH-B01 | E10: =IF(D10="","",IF(COUNTIFS('MASTER BAHAN'!$A$5:$A$504,D10)=0,"BELUM ADA",INDEX('MASTER BAHAN'!$B$5:$B$504,MATCH(D10,'MASTER BAHAN'!$A$5:$A$504,0)))) -> Biji kopi | F10: 18 | G10: =IF(D10="","",IF(COUNTIFS('MASTER BAHAN'!$A$5:$A$504,D10)=0,"BELUM ADA",INDEX('MASTER BAHAN'!$D$5:$D$504,MATCH(D10,'MASTER BAHAN'!$A$5:$A$504,0)))) -> gram | H10: =IF(D10="","",IF(COUNTIFS('MASTER BAHAN'!$A$5:$A$504,D10)=0,"BELUM ADA",INDEX('MASTER BAHAN'!$I$5:$I$504,MATCH(D10,'MASTER BAHAN'!$A$5:$A$504,0)))) -> 150 | I10: =IF(A10="","",IF(OR(NOT(ISNUMBER(F10)),NOT(ISNUMBER(H10))),"BELUM LENGKAP",ROUND(F10*H10,0))) -> 2700 | J10: =IF(A10="","",IF(COUNTIFS($A$5:$A$504,A10,$N$5:$N$504,"BELUM LENGKAP")>0,"BELUM LENGKAP",SUMIFS($I$5:$I$504,$A$5:$A$504,A10))) -> 7020 | K10: =IF(A10="","",IF(COUNTIFS('MASTER MENU'!$A$5:$A$504,A10)=0,"BELUM ADA",INDEX('MASTER MENU'!$F$5:$F$504,MATCH(A10,'MASTER MENU'!$A$5:$A$504,0)))) -> 32000 | L10: =IF(A10="","",IF(OR(NOT(ISNUMBER(J10)),NOT(ISNUMBER(K10))),"BELUM LENGKAP",K10-J10)) -> 24980 | M10: =IF(A10="","",IF(OR(NOT(ISNUMBER(L10)),K10=0),"BELUM LENGKAP",L10/K10)) -> 0.780625 | N10: =IF(A10="","",IF(OR(B10="BELUM ADA",E10="BELUM ADA",NOT(ISNUMBER(F10)),F10<=0,NOT(ISNUMBER(H10)),NOT(ISNUMBER(K10))),"BELUM LENGKAP","LENGKAP")) -> LENGKAP
A11: CONTOH-M03 | B11: =IF(A11="","",IF(COUNTIFS('MASTER MENU'!$A$5:$A$504,A11)=0,"BELUM ADA",INDEX('MASTER MENU'!$B$5:$B$504,MATCH(A11,'MASTER MENU'!$A$5:$A$504,0)))) -> Latte | C11: =IF(A11="","",IF(COUNTIFS('MASTER MENU'!$A$5:$A$504,A11)=0,"BELUM ADA",INDEX('MASTER MENU'!$E$5:$E$504,MATCH(A11,'MASTER MENU'!$A$5:$A$504,0)))) -> Hot | D11: CONTOH-B02 | E11: =IF(D11="","",IF(COUNTIFS('MASTER BAHAN'!$A$5:$A$504,D11)=0,"BELUM ADA",INDEX('MASTER BAHAN'!$B$5:$B$504,MATCH(D11,'MASTER BAHAN'!$A$5:$A$504,0)))) -> Susu UHT | F11: 180 | G11: =IF(D11="","",IF(COUNTIFS('MASTER BAHAN'!$A$5:$A$504,D11)=0,"BELUM ADA",INDEX('MASTER BAHAN'!$D$5:$D$504,MATCH(D11,'MASTER BAHAN'!$A$5:$A$504,0)))) -> ml | H11: =IF(D11="","",IF(COUNTIFS('MASTER BAHAN'!$A$5:$A$504,D11)=0,"BELUM ADA",INDEX('MASTER BAHAN'!$I$5:$I$504,MATCH(D11,'MASTER BAHAN'!$A$5:$A$504,0)))) -> 24 | I11: =IF(A11="","",IF(OR(NOT(ISNUMBER(F11)),NOT(ISNUMBER(H11))),"BELUM LENGKAP",ROUND(F11*H11,0))) -> 4320 | J11: =IF(A11="","",IF(COUNTIFS($A$5:$A$504,A11,$N$5:$N$504,"BELUM LENGKAP")>0,"BELUM LENGKAP",SUMIFS($I$5:$I$504,$A$5:$A$504,A11))) -> 7020 | K11: =IF(A11="","",IF(COUNTIFS('MASTER MENU'!$A$5:$A$504,A11)=0,"BELUM ADA",INDEX('MASTER MENU'!$F$5:$F$504,MATCH(A11,'MASTER MENU'!$A$5:$A$504,0)))) -> 32000 | L11: =IF(A11="","",IF(OR(NOT(ISNUMBER(J11)),NOT(ISNUMBER(K11))),"BELUM LENGKAP",K11-J11)) -> 24980 | M11: =IF(A11="","",IF(OR(NOT(ISNUMBER(L11)),K11=0),"BELUM LENGKAP",L11/K11)) -> 0.780625 | N11: =IF(A11="","",IF(OR(B11="BELUM ADA",E11="BELUM ADA",NOT(ISNUMBER(F11)),F11<=0,NOT(ISNUMBER(H11)),NOT(ISNUMBER(K11))),"BELUM LENGKAP","LENGKAP")) -> LENGKAP
A12: CONTOH-M04 | B12: =IF(A12="","",IF(COUNTIFS('MASTER MENU'!$A$5:$A$504,A12)=0,"BELUM ADA",INDEX('MASTER MENU'!$B$5:$B$504,MATCH(A12,'MASTER MENU'!$A$5:$A$504,0)))) -> Matcha Latte | C12: =IF(A12="","",IF(COUNTIFS('MASTER MENU'!$A$5:$A$504,A12)=0,"BELUM ADA",INDEX('MASTER MENU'!$E$5:$E$504,MATCH(A12,'MASTER MENU'!$A$5:$A$504,0)))) -> Ice | D12: CONTOH-B05 | E12: =IF(D12="","",IF(COUNTIFS('MASTER BAHAN'!$A$5:$A$504,D12)=0,"BELUM ADA",INDEX('MASTER BAHAN'!$B$5:$B$504,MATCH(D12,'MASTER BAHAN'!$A$5:$A$504,0)))) -> Bubuk matcha | F12: 12 | G12: =IF(D12="","",IF(COUNTIFS('MASTER BAHAN'!$A$5:$A$504,D12)=0,"BELUM ADA",INDEX('MASTER BAHAN'!$D$5:$D$504,MATCH(D12,'MASTER BAHAN'!$A$5:$A$504,0)))) -> gram | H12: =IF(D12="","",IF(COUNTIFS('MASTER BAHAN'!$A$5:$A$504,D12)=0,"BELUM ADA",INDEX('MASTER BAHAN'!$I$5:$I$504,MATCH(D12,'MASTER BAHAN'!$A$5:$A$504,0)))) -> 220 | I12: =IF(A12="","",IF(OR(NOT(ISNUMBER(F12)),NOT(ISNUMBER(H12))),"BELUM LENGKAP",ROUND(F12*H12,0))) -> 2640 | J12: =IF(A12="","",IF(COUNTIFS($A$5:$A$504,A12,$N$5:$N$504,"BELUM LENGKAP")>0,"BELUM LENGKAP",SUMIFS($I$5:$I$504,$A$5:$A$504,A12))) -> 6960 | K12: =IF(A12="","",IF(COUNTIFS('MASTER MENU'!$A$5:$A$504,A12)=0,"BELUM ADA",INDEX('MASTER MENU'!$F$5:$F$504,MATCH(A12,'MASTER MENU'!$A$5:$A$504,0)))) -> 33000 | L12: =IF(A12="","",IF(OR(NOT(ISNUMBER(J12)),NOT(ISNUMBER(K12))),"BELUM LENGKAP",K12-J12)) -> 26040 | M12: =IF(A12="","",IF(OR(NOT(ISNUMBER(L12)),K12=0),"BELUM LENGKAP",L12/K12)) -> 0.78909091 | N12: =IF(A12="","",IF(OR(B12="BELUM ADA",E12="BELUM ADA",NOT(ISNUMBER(F12)),F12<=0,NOT(ISNUMBER(H12)),NOT(ISNUMBER(K12))),"BELUM LENGKAP","LENGKAP")) -> LENGKAP
A13: CONTOH-M04 | B13: =IF(A13="","",IF(COUNTIFS('MASTER MENU'!$A$5:$A$504,A13)=0,"BELUM ADA",INDEX('MASTER MENU'!$B$5:$B$504,MATCH(A13,'MASTER MENU'!$A$5:$A$504,0)))) -> Matcha Latte | C13: =IF(A13="","",IF(COUNTIFS('MASTER MENU'!$A$5:$A$504,A13)=0,"BELUM ADA",INDEX('MASTER MENU'!$E$5:$E$504,MATCH(A13,'MASTER MENU'!$A$5:$A$504,0)))) -> Ice | D13: CONTOH-B02 | E13: =IF(D13="","",IF(COUNTIFS('MASTER BAHAN'!$A$5:$A$504,D13)=0,"BELUM ADA",INDEX('MASTER BAHAN'!$B$5:$B$504,MATCH(D13,'MASTER BAHAN'!$A$5:$A$504,0)))) -> Susu UHT | F13: 180 | G13: =IF(D13="","",IF(COUNTIFS('MASTER BAHAN'!$A$5:$A$504,D13)=0,"BELUM ADA",INDEX('MASTER BAHAN'!$D$5:$D$504,MATCH(D13,'MASTER BAHAN'!$A$5:$A$504,0)))) -> ml | H13: =IF(D13="","",IF(COUNTIFS('MASTER BAHAN'!$A$5:$A$504,D13)=0,"BELUM ADA",INDEX('MASTER BAHAN'!$I$5:$I$504,MATCH(D13,'MASTER BAHAN'!$A$5:$A$504,0)))) -> 24 | I13: =IF(A13="","",IF(OR(NOT(ISNUMBER(F13)),NOT(ISNUMBER(H13))),"BELUM LENGKAP",ROUND(F13*H13,0))) -> 4320 | J13: =IF(A13="","",IF(COUNTIFS($A$5:$A$504,A13,$N$5:$N$504,"BELUM LENGKAP")>0,"BELUM LENGKAP",SUMIFS($I$5:$I$504,$A$5:$A$504,A13))) -> 6960 | K13: =IF(A13="","",IF(COUNTIFS('MASTER MENU'!$A$5:$A$504,A13)=0,"BELUM ADA",INDEX('MASTER MENU'!$F$5:$F$504,MATCH(A13,'MASTER MENU'!$A$5:$A$504,0)))) -> 33000 | L13: =IF(A13="","",IF(OR(NOT(ISNUMBER(J13)),NOT(ISNUMBER(K13))),"BELUM LENGKAP",K13-J13)) -> 26040 | M13: =IF(A13="","",IF(OR(NOT(ISNUMBER(L13)),K13=0),"BELUM LENGKAP",L13/K13)) -> 0.78909091 | N13: =IF(A13="","",IF(OR(B13="BELUM ADA",E13="BELUM ADA",NOT(ISNUMBER(F13)),F13<=0,NOT(ISNUMBER(H13)),NOT(ISNUMBER(K13))),"BELUM LENGKAP","LENGKAP")) -> LENGKAP
A14: CONTOH-M05 | B14: =IF(A14="","",IF(COUNTIFS('MASTER MENU'!$A$5:$A$504,A14)=0,"BELUM ADA",INDEX('MASTER MENU'!$B$5:$B$504,MATCH(A14,'MASTER MENU'!$A$5:$A$504,0)))) -> Teh Lemon | C14: =IF(A14="","",IF(COUNTIFS('MASTER MENU'!$A$5:$A$504,A14)=0,"BELUM ADA",INDEX('MASTER MENU'!$E$5:$E$504,MATCH(A14,'MASTER MENU'!$A$5:$A$504,0)))) -> Ice | D14: CONTOH-B06 | E14: =IF(D14="","",IF(COUNTIFS('MASTER BAHAN'!$A$5:$A$504,D14)=0,"BELUM ADA",INDEX('MASTER BAHAN'!$B$5:$B$504,MATCH(D14,'MASTER BAHAN'!$A$5:$A$504,0)))) -> Teh celup | F14: 1 | G14: =IF(D14="","",IF(COUNTIFS('MASTER BAHAN'!$A$5:$A$504,D14)=0,"BELUM ADA",INDEX('MASTER BAHAN'!$D$5:$D$504,MATCH(D14,'MASTER BAHAN'!$A$5:$A$504,0)))) -> pcs | H14: =IF(D14="","",IF(COUNTIFS('MASTER BAHAN'!$A$5:$A$504,D14)=0,"BELUM ADA",INDEX('MASTER BAHAN'!$I$5:$I$504,MATCH(D14,'MASTER BAHAN'!$A$5:$A$504,0)))) -> 400 | I14: =IF(A14="","",IF(OR(NOT(ISNUMBER(F14)),NOT(ISNUMBER(H14))),"BELUM LENGKAP",ROUND(F14*H14,0))) -> 400 | J14: =IF(A14="","",IF(COUNTIFS($A$5:$A$504,A14,$N$5:$N$504,"BELUM LENGKAP")>0,"BELUM LENGKAP",SUMIFS($I$5:$I$504,$A$5:$A$504,A14))) -> 1300 | K14: =IF(A14="","",IF(COUNTIFS('MASTER MENU'!$A$5:$A$504,A14)=0,"BELUM ADA",INDEX('MASTER MENU'!$F$5:$F$504,MATCH(A14,'MASTER MENU'!$A$5:$A$504,0)))) -> 22000 | L14: =IF(A14="","",IF(OR(NOT(ISNUMBER(J14)),NOT(ISNUMBER(K14))),"BELUM LENGKAP",K14-J14)) -> 20700 | M14: =IF(A14="","",IF(OR(NOT(ISNUMBER(L14)),K14=0),"BELUM LENGKAP",L14/K14)) -> 0.94090909 | N14: =IF(A14="","",IF(OR(B14="BELUM ADA",E14="BELUM ADA",NOT(ISNUMBER(F14)),F14<=0,NOT(ISNUMBER(H14)),NOT(ISNUMBER(K14))),"BELUM LENGKAP","LENGKAP")) -> LENGKAP
A15: CONTOH-M05 | B15: =IF(A15="","",IF(COUNTIFS('MASTER MENU'!$A$5:$A$504,A15)=0,"BELUM ADA",INDEX('MASTER MENU'!$B$5:$B$504,MATCH(A15,'MASTER MENU'!$A$5:$A$504,0)))) -> Teh Lemon | C15: =IF(A15="","",IF(COUNTIFS('MASTER MENU'!$A$5:$A$504,A15)=0,"BELUM ADA",INDEX('MASTER MENU'!$E$5:$E$504,MATCH(A15,'MASTER MENU'!$A$5:$A$504,0)))) -> Ice | D15: CONTOH-B07 | E15: =IF(D15="","",IF(COUNTIFS('MASTER BAHAN'!$A$5:$A$504,D15)=0,"BELUM ADA",INDEX('MASTER BAHAN'!$B$5:$B$504,MATCH(D15,'MASTER BAHAN'!$A$5:$A$504,0)))) -> Lemon | F15: 30 | G15: =IF(D15="","",IF(COUNTIFS('MASTER BAHAN'!$A$5:$A$504,D15)=0,"BELUM ADA",INDEX('MASTER BAHAN'!$D$5:$D$504,MATCH(D15,'MASTER BAHAN'!$A$5:$A$504,0)))) -> gram | H15: =IF(D15="","",IF(COUNTIFS('MASTER BAHAN'!$A$5:$A$504,D15)=0,"BELUM ADA",INDEX('MASTER BAHAN'!$I$5:$I$504,MATCH(D15,'MASTER BAHAN'!$A$5:$A$504,0)))) -> 30 | I15: =IF(A15="","",IF(OR(NOT(ISNUMBER(F15)),NOT(ISNUMBER(H15))),"BELUM LENGKAP",ROUND(F15*H15,0))) -> 900 | J15: =IF(A15="","",IF(COUNTIFS($A$5:$A$504,A15,$N$5:$N$504,"BELUM LENGKAP")>0,"BELUM LENGKAP",SUMIFS($I$5:$I$504,$A$5:$A$504,A15))) -> 1300 | K15: =IF(A15="","",IF(COUNTIFS('MASTER MENU'!$A$5:$A$504,A15)=0,"BELUM ADA",INDEX('MASTER MENU'!$F$5:$F$504,MATCH(A15,'MASTER MENU'!$A$5:$A$504,0)))) -> 22000 | L15: =IF(A15="","",IF(OR(NOT(ISNUMBER(J15)),NOT(ISNUMBER(K15))),"BELUM LENGKAP",K15-J15)) -> 20700 | M15: =IF(A15="","",IF(OR(NOT(ISNUMBER(L15)),K15=0),"BELUM LENGKAP",L15/K15)) -> 0.94090909 | N15: =IF(A15="","",IF(OR(B15="BELUM ADA",E15="BELUM ADA",NOT(ISNUMBER(F15)),F15<=0,NOT(ISNUMBER(H15)),NOT(ISNUMBER(K15))),"BELUM LENGKAP","LENGKAP")) -> LENGKAP
A16: CONTOH-M06 | B16: =IF(A16="","",IF(COUNTIFS('MASTER MENU'!$A$5:$A$504,A16)=0,"BELUM ADA",INDEX('MASTER MENU'!$B$5:$B$504,MATCH(A16,'MASTER MENU'!$A$5:$A$504,0)))) -> Croissant Butter | C16: =IF(A16="","",IF(COUNTIFS('MASTER MENU'!$A$5:$A$504,A16)=0,"BELUM ADA",INDEX('MASTER MENU'!$E$5:$E$504,MATCH(A16,'MASTER MENU'!$A$5:$A$504,0)))) -> Reguler | D16: CONTOH-B08 | E16: =IF(D16="","",IF(COUNTIFS('MASTER BAHAN'!$A$5:$A$504,D16)=0,"BELUM ADA",INDEX('MASTER BAHAN'!$B$5:$B$504,MATCH(D16,'MASTER BAHAN'!$A$5:$A$504,0)))) -> Croissant beku | F16: 1 | G16: =IF(D16="","",IF(COUNTIFS('MASTER BAHAN'!$A$5:$A$504,D16)=0,"BELUM ADA",INDEX('MASTER BAHAN'!$D$5:$D$504,MATCH(D16,'MASTER BAHAN'!$A$5:$A$504,0)))) -> pcs | H16: =IF(D16="","",IF(COUNTIFS('MASTER BAHAN'!$A$5:$A$504,D16)=0,"BELUM ADA",INDEX('MASTER BAHAN'!$I$5:$I$504,MATCH(D16,'MASTER BAHAN'!$A$5:$A$504,0)))) -> 7500 | I16: =IF(A16="","",IF(OR(NOT(ISNUMBER(F16)),NOT(ISNUMBER(H16))),"BELUM LENGKAP",ROUND(F16*H16,0))) -> 7500 | J16: =IF(A16="","",IF(COUNTIFS($A$5:$A$504,A16,$N$5:$N$504,"BELUM LENGKAP")>0,"BELUM LENGKAP",SUMIFS($I$5:$I$504,$A$5:$A$504,A16))) -> 7500 | K16: =IF(A16="","",IF(COUNTIFS('MASTER MENU'!$A$5:$A$504,A16)=0,"BELUM ADA",INDEX('MASTER MENU'!$F$5:$F$504,MATCH(A16,'MASTER MENU'!$A$5:$A$504,0)))) -> 27000 | L16: =IF(A16="","",IF(OR(NOT(ISNUMBER(J16)),NOT(ISNUMBER(K16))),"BELUM LENGKAP",K16-J16)) -> 19500 | M16: =IF(A16="","",IF(OR(NOT(ISNUMBER(L16)),K16=0),"BELUM LENGKAP",L16/K16)) -> 0.72222222 | N16: =IF(A16="","",IF(OR(B16="BELUM ADA",E16="BELUM ADA",NOT(ISNUMBER(F16)),F16<=0,NOT(ISNUMBER(H16)),NOT(ISNUMBER(K16))),"BELUM LENGKAP","LENGKAP")) -> LENGKAP
... A21: CONTOH-M10 | B21: =IF(A21="","",IF(COUNTIFS('MASTER MENU'!$A$5:$A$504,A21)=0,"BELUM ADA",INDEX('MASTER MENU'!$B$5:$B$504,MATCH(A21,'MASTER MENU'!$A$5:$A$504,0)))) -> Roti Bakar | C21: =IF(A21="","",IF(COUNTIFS('MASTER MENU'!$A$5:$A$504,A21)=0,"BELUM ADA",INDEX('MASTER MENU'!$E$5:$E$504,MATCH(A21,'MASTER MENU'!$A$5:$A$504,0)))) -> Reguler | D21: CONTOH-B12 | E21: =IF(D21="","",IF(COUNTIFS('MASTER BAHAN'!$A$5:$A$504,D21)=0,"BELUM ADA",INDEX('MASTER BAHAN'!$B$5:$B$504,MATCH(D21,'MASTER BAHAN'!$A$5:$A$504,0)))) -> Roti | F21: 2 | G21: =IF(D21="","",IF(COUNTIFS('MASTER BAHAN'!$A$5:$A$504,D21)=0,"BELUM ADA",INDEX('MASTER BAHAN'!$D$5:$D$504,MATCH(D21,'MASTER BAHAN'!$A$5:$A$504,0)))) -> pcs | H21: =IF(D21="","",IF(COUNTIFS('MASTER BAHAN'!$A$5:$A$504,D21)=0,"BELUM ADA",INDEX('MASTER BAHAN'!$I$5:$I$504,MATCH(D21,'MASTER BAHAN'!$A$5:$A$504,0)))) -> 2500 | I21: =IF(A21="","",IF(OR(NOT(ISNUMBER(F21)),NOT(ISNUMBER(H21))),"BELUM LENGKAP",ROUND(F21*H21,0))) -> 5000 | J21: =IF(A21="","",IF(COUNTIFS($A$5:$A$504,A21,$N$5:$N$504,"BELUM LENGKAP")>0,"BELUM LENGKAP",SUMIFS($I$5:$I$504,$A$5:$A$504,A21))) -> 5000 | K21: =IF(A21="","",IF(COUNTIFS('MASTER MENU'!$A$5:$A$504,A21)=0,"BELUM ADA",INDEX('MASTER MENU'!$F$5:$F$504,MATCH(A21,'MASTER MENU'!$A$5:$A$504,0)))) -> 24000 | L21: =IF(A21="","",IF(OR(NOT(ISNUMBER(J21)),NOT(ISNUMBER(K21))),"BELUM LENGKAP",K21-J21)) -> 19000 | M21: =IF(A21="","",IF(OR(NOT(ISNUMBER(L21)),K21=0),"BELUM LENGKAP",L21/K21)) -> 0.79166667 | N21: =IF(A21="","",IF(OR(B21="BELUM ADA",E21="BELUM ADA",NOT(ISNUMBER(F21)),F21<=0,NOT(ISNUMBER(H21)),NOT(ISNUMBER(K21))),"BELUM LENGKAP","LENGKAP")) -> LENGKAP
B22: =IF(A22="","",IF(COUNTIFS('MASTER MENU'!$A$5:$A$504,A22)=0,"BELUM ADA",INDEX('MASTER MENU'!$B$5:$B$504,MATCH(A22,'MASTER MENU'!$A$5:$A$504,0)))) | C22: =IF(A22="","",IF(COUNTIFS('MASTER MENU'!$A$5:$A$504,A22)=0,"BELUM ADA",INDEX('MASTER MENU'!$E$5:$E$504,MATCH(A22,'MASTER MENU'!$A$5:$A$504,0)))) | E22: =IF(D22="","",IF(COUNTIFS('MASTER BAHAN'!$A$5:$A$504,D22)=0,"BELUM ADA",INDEX('MASTER BAHAN'!$B$5:$B$504,MATCH(D22,'MASTER BAHAN'!$A$5:$A$504,0)))) | G22: =IF(D22="","",IF(COUNTIFS('MASTER BAHAN'!$A$5:$A$504,D22)=0,"BELUM ADA",INDEX('MASTER BAHAN'!$D$5:$D$504,MATCH(D22,'MASTER BAHAN'!$A$5:$A$504,0)))) | H22: =IF(D22="","",IF(COUNTIFS('MASTER BAHAN'!$A$5:$A$504,D22)=0,"BELUM ADA",INDEX('MASTER BAHAN'!$I$5:$I$504,MATCH(D22,'MASTER BAHAN'!$A$5:$A$504,0)))) | I22: =IF(A22="","",IF(OR(NOT(ISNUMBER(F22)),NOT(ISNUMBER(H22))),"BELUM LENGKAP",ROUND(F22*H22,0))) | J22: =IF(A22="","",IF(COUNTIFS($A$5:$A$504,A22,$N$5:$N$504,"BELUM LENGKAP")>0,"BELUM LENGKAP",SUMIFS($I$5:$I$504,$A$5:$A$504,A22))) | K22: =IF(A22="","",IF(COUNTIFS('MASTER MENU'!$A$5:$A$504,A22)=0,"BELUM ADA",INDEX('MASTER MENU'!$F$5:$F$504,MATCH(A22,'MASTER MENU'!$A$5:$A$504,0)))) | L22: =IF(A22="","",IF(OR(NOT(ISNUMBER(J22)),NOT(ISNUMBER(K22))),"BELUM LENGKAP",K22-J22)) | M22: =IF(A22="","",IF(OR(NOT(ISNUMBER(L22)),K22=0),"BELUM LENGKAP",L22/K22)) | N22: =IF(A22="","",IF(OR(B22="BELUM ADA",E22="BELUM ADA",NOT(ISNUMBER(F22)),F22<=0,NOT(ISNUMBER(H22)),NOT(ISNUMBER(K22))),"BELUM LENGKAP","LENGKAP"))
B23: =IF(A23="","",IF(COUNTIFS('MASTER MENU'!$A$5:$A$504,A23)=0,"BELUM ADA",INDEX('MASTER MENU'!$B$5:$B$504,MATCH(A23,'MASTER MENU'!$A$5:$A$504,0)))) | C23: =IF(A23="","",IF(COUNTIFS('MASTER MENU'!$A$5:$A$504,A23)=0,"BELUM ADA",INDEX('MASTER MENU'!$E$5:$E$504,MATCH(A23,'MASTER MENU'!$A$5:$A$504,0)))) | E23: =IF(D23="","",IF(COUNTIFS('MASTER BAHAN'!$A$5:$A$504,D23)=0,"BELUM ADA",INDEX('MASTER BAHAN'!$B$5:$B$504,MATCH(D23,'MASTER BAHAN'!$A$5:$A$504,0)))) | G23: =IF(D23="","",IF(COUNTIFS('MASTER BAHAN'!$A$5:$A$504,D23)=0,"BELUM ADA",INDEX('MASTER BAHAN'!$D$5:$D$504,MATCH(D23,'MASTER BAHAN'!$A$5:$A$504,0)))) | H23: =IF(D23="","",IF(COUNTIFS('MASTER BAHAN'!$A$5:$A$504,D23)=0,"BELUM ADA",INDEX('MASTER BAHAN'!$I$5:$I$504,MATCH(D23,'MASTER BAHAN'!$A$5:$A$504,0)))) | I23: =IF(A23="","",IF(OR(NOT(ISNUMBER(F23)),NOT(ISNUMBER(H23))),"BELUM LENGKAP",ROUND(F23*H23,0))) | J23: =IF(A23="","",IF(COUNTIFS($A$5:$A$504,A23,$N$5:$N$504,"BELUM LENGKAP")>0,"BELUM LENGKAP",SUMIFS($I$5:$I$504,$A$5:$A$504,A23))) | K23: =IF(A23="","",IF(COUNTIFS('MASTER MENU'!$A$5:$A$504,A23)=0,"BELUM ADA",INDEX('MASTER MENU'!$F$5:$F$504,MATCH(A23,'MASTER MENU'!$A$5:$A$504,0)))) | L23: =IF(A23="","",IF(OR(NOT(ISNUMBER(J23)),NOT(ISNUMBER(K23))),"BELUM LENGKAP",K23-J23)) | M23: =IF(A23="","",IF(OR(NOT(ISNUMBER(L23)),K23=0),"BELUM LENGKAP",L23/K23)) | N23: =IF(A23="","",IF(OR(B23="BELUM ADA",E23="BELUM ADA",NOT(ISNUMBER(F23)),F23<=0,NOT(ISNUMBER(H23)),NOT(ISNUMBER(K23))),"BELUM LENGKAP","LENGKAP"))
B24: =IF(A24="","",IF(COUNTIFS('MASTER MENU'!$A$5:$A$504,A24)=0,"BELUM ADA",INDEX('MASTER MENU'!$B$5:$B$504,MATCH(A24,'MASTER MENU'!$A$5:$A$504,0)))) | C24: =IF(A24="","",IF(COUNTIFS('MASTER MENU'!$A$5:$A$504,A24)=0,"BELUM ADA",INDEX('MASTER MENU'!$E$5:$E$504,MATCH(A24,'MASTER MENU'!$A$5:$A$504,0)))) | E24: =IF(D24="","",IF(COUNTIFS('MASTER BAHAN'!$A$5:$A$504,D24)=0,"BELUM ADA",INDEX('MASTER BAHAN'!$B$5:$B$504,MATCH(D24,'MASTER BAHAN'!$A$5:$A$504,0)))) | G24: =IF(D24="","",IF(COUNTIFS('MASTER BAHAN'!$A$5:$A$504,D24)=0,"BELUM ADA",INDEX('MASTER BAHAN'!$D$5:$D$504,MATCH(D24,'MASTER BAHAN'!$A$5:$A$504,0)))) | H24: =IF(D24="","",IF(COUNTIFS('MASTER BAHAN'!$A$5:$A$504,D24)=0,"BELUM ADA",INDEX('MASTER BAHAN'!$I$5:$I$504,MATCH(D24,'MASTER BAHAN'!$A$5:$A$504,0)))) | I24: =IF(A24="","",IF(OR(NOT(ISNUMBER(F24)),NOT(ISNUMBER(H24))),"BELUM LENGKAP",ROUND(F24*H24,0))) | J24: =IF(A24="","",IF(COUNTIFS($A$5:$A$504,A24,$N$5:$N$504,"BELUM LENGKAP")>0,"BELUM LENGKAP",SUMIFS($I$5:$I$504,$A$5:$A$504,A24))) | K24: =IF(A24="","",IF(COUNTIFS('MASTER MENU'!$A$5:$A$504,A24)=0,"BELUM ADA",INDEX('MASTER MENU'!$F$5:$F$504,MATCH(A24,'MASTER MENU'!$A$5:$A$504,0)))) | L24: =IF(A24="","",IF(OR(NOT(ISNUMBER(J24)),NOT(ISNUMBER(K24))),"BELUM LENGKAP",K24-J24)) | M24: =IF(A24="","",IF(OR(NOT(ISNUMBER(L24)),K24=0),"BELUM LENGKAP",L24/K24)) | N24: =IF(A24="","",IF(OR(B24="BELUM ADA",E24="BELUM ADA",NOT(ISNUMBER(F24)),F24<=0,NOT(ISNUMBER(H24)),NOT(ISNUMBER(K24))),"BELUM LENGKAP","LENGKAP"))
B25: =IF(A25="","",IF(COUNTIFS('MASTER MENU'!$A$5:$A$504,A25)=0,"BELUM ADA",INDEX('MASTER MENU'!$B$5:$B$504,MATCH(A25,'MASTER MENU'!$A$5:$A$504,0)))) | C25: =IF(A25="","",IF(COUNTIFS('MASTER MENU'!$A$5:$A$504,A25)=0,"BELUM ADA",INDEX('MASTER MENU'!$E$5:$E$504,MATCH(A25,'MASTER MENU'!$A$5:$A$504,0)))) | E25: =IF(D25="","",IF(COUNTIFS('MASTER BAHAN'!$A$5:$A$504,D25)=0,"BELUM ADA",INDEX('MASTER BAHAN'!$B$5:$B$504,MATCH(D25,'MASTER BAHAN'!$A$5:$A$504,0)))) | G25: =IF(D25="","",IF(COUNTIFS('MASTER BAHAN'!$A$5:$A$504,D25)=0,"BELUM ADA",INDEX('MASTER BAHAN'!$D$5:$D$504,MATCH(D25,'MASTER BAHAN'!$A$5:$A$504,0)))) | H25: =IF(D25="","",IF(COUNTIFS('MASTER BAHAN'!$A$5:$A$504,D25)=0,"BELUM ADA",INDEX('MASTER BAHAN'!$I$5:$I$504,MATCH(D25,'MASTER BAHAN'!$A$5:$A$504,0)))) | I25: =IF(A25="","",IF(OR(NOT(ISNUMBER(F25)),NOT(ISNUMBER(H25))),"BELUM LENGKAP",ROUND(F25*H25,0))) | J25: =IF(A25="","",IF(COUNTIFS($A$5:$A$504,A25,$N$5:$N$504,"BELUM LENGKAP")>0,"BELUM LENGKAP",SUMIFS($I$5:$I$504,$A$5:$A$504,A25))) | K25: =IF(A25="","",IF(COUNTIFS('MASTER MENU'!$A$5:$A$504,A25)=0,"BELUM ADA",INDEX('MASTER MENU'!$F$5:$F$504,MATCH(A25,'MASTER MENU'!$A$5:$A$504,0)))) | L25: =IF(A25="","",IF(OR(NOT(ISNUMBER(J25)),NOT(ISNUMBER(K25))),"BELUM LENGKAP",K25-J25)) | M25: =IF(A25="","",IF(OR(NOT(ISNUMBER(L25)),K25=0),"BELUM LENGKAP",L25/K25)) | N25: =IF(A25="","",IF(OR(B25="BELUM ADA",E25="BELUM ADA",NOT(ISNUMBER(F25)),F25<=0,NOT(ISNUMBER(H25)),NOT(ISNUMBER(K25))),"BELUM LENGKAP","LENGKAP"))
B26: =IF(A26="","",IF(COUNTIFS('MASTER MENU'!$A$5:$A$504,A26)=0,"BELUM ADA",INDEX('MASTER MENU'!$B$5:$B$504,MATCH(A26,'MASTER MENU'!$A$5:$A$504,0)))) | C26: =IF(A26="","",IF(COUNTIFS('MASTER MENU'!$A$5:$A$504,A26)=0,"BELUM ADA",INDEX('MASTER MENU'!$E$5:$E$504,MATCH(A26,'MASTER MENU'!$A$5:$A$504,0)))) | E26: =IF(D26="","",IF(COUNTIFS('MASTER BAHAN'!$A$5:$A$504,D26)=0,"BELUM ADA",INDEX('MASTER BAHAN'!$B$5:$B$504,MATCH(D26,'MASTER BAHAN'!$A$5:$A$504,0)))) | G26: =IF(D26="","",IF(COUNTIFS('MASTER BAHAN'!$A$5:$A$504,D26)=0,"BELUM ADA",INDEX('MASTER BAHAN'!$D$5:$D$504,MATCH(D26,'MASTER BAHAN'!$A$5:$A$504,0)))) | H26: =IF(D26="","",IF(COUNTIFS('MASTER BAHAN'!$A$5:$A$504,D26)=0,"BELUM ADA",INDEX('MASTER BAHAN'!$I$5:$I$504,MATCH(D26,'MASTER BAHAN'!$A$5:$A$504,0)))) | I26: =IF(A26="","",IF(OR(NOT(ISNUMBER(F26)),NOT(ISNUMBER(H26))),"BELUM LENGKAP",ROUND(F26*H26,0))) | J26: =IF(A26="","",IF(COUNTIFS($A$5:$A$504,A26,$N$5:$N$504,"BELUM LENGKAP")>0,"BELUM LENGKAP",SUMIFS($I$5:$I$504,$A$5:$A$504,A26))) | K26: =IF(A26="","",IF(COUNTIFS('MASTER MENU'!$A$5:$A$504,A26)=0,"BELUM ADA",INDEX('MASTER MENU'!$F$5:$F$504,MATCH(A26,'MASTER MENU'!$A$5:$A$504,0)))) | L26: =IF(A26="","",IF(OR(NOT(ISNUMBER(J26)),NOT(ISNUMBER(K26))),"BELUM LENGKAP",K26-J26)) | M26: =IF(A26="","",IF(OR(NOT(ISNUMBER(L26)),K26=0),"BELUM LENGKAP",L26/K26)) | N26: =IF(A26="","",IF(OR(B26="BELUM ADA",E26="BELUM ADA",NOT(ISNUMBER(F26)),F26<=0,NOT(ISNUMBER(H26)),NOT(ISNUMBER(K26))),"BELUM LENGKAP","LENGKAP"))
B27: =IF(A27="","",IF(COUNTIFS('MASTER MENU'!$A$5:$A$504,A27)=0,"BELUM ADA",INDEX('MASTER MENU'!$B$5:$B$504,MATCH(A27,'MASTER MENU'!$A$5:$A$504,0)))) | C27: =IF(A27="","",IF(COUNTIFS('MASTER MENU'!$A$5:$A$504,A27)=0,"BELUM ADA",INDEX('MASTER MENU'!$E$5:$E$504,MATCH(A27,'MASTER MENU'!$A$5:$A$504,0)))) | E27: =IF(D27="","",IF(COUNTIFS('MASTER BAHAN'!$A$5:$A$504,D27)=0,"BELUM ADA",INDEX('MASTER BAHAN'!$B$5:$B$504,MATCH(D27,'MASTER BAHAN'!$A$5:$A$504,0)))) | G27: =IF(D27="","",IF(COUNTIFS('MASTER BAHAN'!$A$5:$A$504,D27)=0,"BELUM ADA",INDEX('MASTER BAHAN'!$D$5:$D$504,MATCH(D27,'MASTER BAHAN'!$A$5:$A$504,0)))) | H27: =IF(D27="","",IF(COUNTIFS('MASTER BAHAN'!$A$5:$A$504,D27)=0,"BELUM ADA",INDEX('MASTER BAHAN'!$I$5:$I$504,MATCH(D27,'MASTER BAHAN'!$A$5:$A$504,0)))) | I27: =IF(A27="","",IF(OR(NOT(ISNUMBER(F27)),NOT(ISNUMBER(H27))),"BELUM LENGKAP",ROUND(F27*H27,0))) | J27: =IF(A27="","",IF(COUNTIFS($A$5:$A$504,A27,$N$5:$N$504,"BELUM LENGKAP")>0,"BELUM LENGKAP",SUMIFS($I$5:$I$504,$A$5:$A$504,A27))) | K27: =IF(A27="","",IF(COUNTIFS('MASTER MENU'!$A$5:$A$504,A27)=0,"BELUM ADA",INDEX('MASTER MENU'!$F$5:$F$504,MATCH(A27,'MASTER MENU'!$A$5:$A$504,0)))) | L27: =IF(A27="","",IF(OR(NOT(ISNUMBER(J27)),NOT(ISNUMBER(K27))),"BELUM LENGKAP",K27-J27)) | M27: =IF(A27="","",IF(OR(NOT(ISNUMBER(L27)),K27=0),"BELUM LENGKAP",L27/K27)) | N27: =IF(A27="","",IF(OR(B27="BELUM ADA",E27="BELUM ADA",NOT(ISNUMBER(F27)),F27<=0,NOT(ISNUMBER(H27)),NOT(ISNUMBER(K27))),"BELUM LENGKAP","LENGKAP"))
B28: =IF(A28="","",IF(COUNTIFS('MASTER MENU'!$A$5:$A$504,A28)=0,"BELUM ADA",INDEX('MASTER MENU'!$B$5:$B$504,MATCH(A28,'MASTER MENU'!$A$5:$A$504,0)))) | C28: =IF(A28="","",IF(COUNTIFS('MASTER MENU'!$A$5:$A$504,A28)=0,"BELUM ADA",INDEX('MASTER MENU'!$E$5:$E$504,MATCH(A28,'MASTER MENU'!$A$5:$A$504,0)))) | E28: =IF(D28="","",IF(COUNTIFS('MASTER BAHAN'!$A$5:$A$504,D28)=0,"BELUM ADA",INDEX('MASTER BAHAN'!$B$5:$B$504,MATCH(D28,'MASTER BAHAN'!$A$5:$A$504,0)))) | G28: =IF(D28="","",IF(COUNTIFS('MASTER BAHAN'!$A$5:$A$504,D28)=0,"BELUM ADA",INDEX('MASTER BAHAN'!$D$5:$D$504,MATCH(D28,'MASTER BAHAN'!$A$5:$A$504,0)))) | H28: =IF(D28="","",IF(COUNTIFS('MASTER BAHAN'!$A$5:$A$504,D28)=0,"BELUM ADA",INDEX('MASTER BAHAN'!$I$5:$I$504,MATCH(D28,'MASTER BAHAN'!$A$5:$A$504,0)))) | I28: =IF(A28="","",IF(OR(NOT(ISNUMBER(F28)),NOT(ISNUMBER(H28))),"BELUM LENGKAP",ROUND(F28*H28,0))) | J28: =IF(A28="","",IF(COUNTIFS($A$5:$A$504,A28,$N$5:$N$504,"BELUM LENGKAP")>0,"BELUM LENGKAP",SUMIFS($I$5:$I$504,$A$5:$A$504,A28))) | K28: =IF(A28="","",IF(COUNTIFS('MASTER MENU'!$A$5:$A$504,A28)=0,"BELUM ADA",INDEX('MASTER MENU'!$F$5:$F$504,MATCH(A28,'MASTER MENU'!$A$5:$A$504,0)))) | L28: =IF(A28="","",IF(OR(NOT(ISNUMBER(J28)),NOT(ISNUMBER(K28))),"BELUM LENGKAP",K28-J28)) | M28: =IF(A28="","",IF(OR(NOT(ISNUMBER(L28)),K28=0),"BELUM LENGKAP",L28/K28)) | N28: =IF(A28="","",IF(OR(B28="BELUM ADA",E28="BELUM ADA",NOT(ISNUMBER(F28)),F28<=0,NOT(ISNUMBER(H28)),NOT(ISNUMBER(K28))),"BELUM LENGKAP","LENGKAP"))
B29: =IF(A29="","",IF(COUNTIFS('MASTER MENU'!$A$5:$A$504,A29)=0,"BELUM ADA",INDEX('MASTER MENU'!$B$5:$B$504,MATCH(A29,'MASTER MENU'!$A$5:$A$504,0)))) | C29: =IF(A29="","",IF(COUNTIFS('MASTER MENU'!$A$5:$A$504,A29)=0,"BELUM ADA",INDEX('MASTER MENU'!$E$5:$E$504,MATCH(A29,'MASTER MENU'!$A$5:$A$504,0)))) | E29: =IF(D29="","",IF(COUNTIFS('MASTER BAHAN'!$A$5:$A$504,D29)=0,"BELUM ADA",INDEX('MASTER BAHAN'!$B$5:$B$504,MATCH(D29,'MASTER BAHAN'!$A$5:$A$504,0)))) | G29: =IF(D29="","",IF(COUNTIFS('MASTER BAHAN'!$A$5:$A$504,D29)=0,"BELUM ADA",INDEX('MASTER BAHAN'!$D$5:$D$504,MATCH(D29,'MASTER BAHAN'!$A$5:$A$504,0)))) | H29: =IF(D29="","",IF(COUNTIFS('MASTER BAHAN'!$A$5:$A$504,D29)=0,"BELUM ADA",INDEX('MASTER BAHAN'!$I$5:$I$504,MATCH(D29,'MASTER BAHAN'!$A$5:$A$504,0)))) | I29: =IF(A29="","",IF(OR(NOT(ISNUMBER(F29)),NOT(ISNUMBER(H29))),"BELUM LENGKAP",ROUND(F29*H29,0))) | J29: =IF(A29="","",IF(COUNTIFS($A$5:$A$504,A29,$N$5:$N$504,"BELUM LENGKAP")>0,"BELUM LENGKAP",SUMIFS($I$5:$I$504,$A$5:$A$504,A29))) | K29: =IF(A29="","",IF(COUNTIFS('MASTER MENU'!$A$5:$A$504,A29)=0,"BELUM ADA",INDEX('MASTER MENU'!$F$5:$F$504,MATCH(A29,'MASTER MENU'!$A$5:$A$504,0)))) | L29: =IF(A29="","",IF(OR(NOT(ISNUMBER(J29)),NOT(ISNUMBER(K29))),"BELUM LENGKAP",K29-J29)) | M29: =IF(A29="","",IF(OR(NOT(ISNUMBER(L29)),K29=0),"BELUM LENGKAP",L29/K29)) | N29: =IF(A29="","",IF(OR(B29="BELUM ADA",E29="BELUM ADA",NOT(ISNUMBER(F29)),F29<=0,NOT(ISNUMBER(H29)),NOT(ISNUMBER(K29))),"BELUM LENGKAP","LENGKAP"))
B30: =IF(A30="","",IF(COUNTIFS('MASTER MENU'!$A$5:$A$504,A30)=0,"BELUM ADA",INDEX('MASTER MENU'!$B$5:$B$504,MATCH(A30,'MASTER MENU'!$A$5:$A$504,0)))) | C30: =IF(A30="","",IF(COUNTIFS('MASTER MENU'!$A$5:$A$504,A30)=0,"BELUM ADA",INDEX('MASTER MENU'!$E$5:$E$504,MATCH(A30,'MASTER MENU'!$A$5:$A$504,0)))) | E30: =IF(D30="","",IF(COUNTIFS('MASTER BAHAN'!$A$5:$A$504,D30)=0,"BELUM ADA",INDEX('MASTER BAHAN'!$B$5:$B$504,MATCH(D30,'MASTER BAHAN'!$A$5:$A$504,0)))) | G30: =IF(D30="","",IF(COUNTIFS('MASTER BAHAN'!$A$5:$A$504,D30)=0,"BELUM ADA",INDEX('MASTER BAHAN'!$D$5:$D$504,MATCH(D30,'MASTER BAHAN'!$A$5:$A$504,0)))) | H30: =IF(D30="","",IF(COUNTIFS('MASTER BAHAN'!$A$5:$A$504,D30)=0,"BELUM ADA",INDEX('MASTER BAHAN'!$I$5:$I$504,MATCH(D30,'MASTER BAHAN'!$A$5:$A$504,0)))) | I30: =IF(A30="","",IF(OR(NOT(ISNUMBER(F30)),NOT(ISNUMBER(H30))),"BELUM LENGKAP",ROUND(F30*H30,0))) | J30: =IF(A30="","",IF(COUNTIFS($A$5:$A$504,A30,$N$5:$N$504,"BELUM LENGKAP")>0,"BELUM LENGKAP",SUMIFS($I$5:$I$504,$A$5:$A$504,A30))) | K30: =IF(A30="","",IF(COUNTIFS('MASTER MENU'!$A$5:$A$504,A30)=0,"BELUM ADA",INDEX('MASTER MENU'!$F$5:$F$504,MATCH(A30,'MASTER MENU'!$A$5:$A$504,0)))) | L30: =IF(A30="","",IF(OR(NOT(ISNUMBER(J30)),NOT(ISNUMBER(K30))),"BELUM LENGKAP",K30-J30)) | M30: =IF(A30="","",IF(OR(NOT(ISNUMBER(L30)),K30=0),"BELUM LENGKAP",L30/K30)) | N30: =IF(A30="","",IF(OR(B30="BELUM ADA",E30="BELUM ADA",NOT(ISNUMBER(F30)),F30<=0,NOT(ISNUMBER(H30)),NOT(ISNUMBER(K30))),"BELUM LENGKAP","LENGKAP"))
B31: =IF(A31="","",IF(COUNTIFS('MASTER MENU'!$A$5:$A$504,A31)=0,"BELUM ADA",INDEX('MASTER MENU'!$B$5:$B$504,MATCH(A31,'MASTER MENU'!$A$5:$A$504,0)))) | C31: =IF(A31="","",IF(COUNTIFS('MASTER MENU'!$A$5:$A$504,A31)=0,"BELUM ADA",INDEX('MASTER MENU'!$E$5:$E$504,MATCH(A31,'MASTER MENU'!$A$5:$A$504,0)))) | E31: =IF(D31="","",IF(COUNTIFS('MASTER BAHAN'!$A$5:$A$504,D31)=0,"BELUM ADA",INDEX('MASTER BAHAN'!$B$5:$B$504,MATCH(D31,'MASTER BAHAN'!$A$5:$A$504,0)))) | G31: =IF(D31="","",IF(COUNTIFS('MASTER BAHAN'!$A$5:$A$504,D31)=0,"BELUM ADA",INDEX('MASTER BAHAN'!$D$5:$D$504,MATCH(D31,'MASTER BAHAN'!$A$5:$A$504,0)))) | H31: =IF(D31="","",IF(COUNTIFS('MASTER BAHAN'!$A$5:$A$504,D31)=0,"BELUM ADA",INDEX('MASTER BAHAN'!$I$5:$I$504,MATCH(D31,'MASTER BAHAN'!$A$5:$A$504,0)))) | I31: =IF(A31="","",IF(OR(NOT(ISNUMBER(F31)),NOT(ISNUMBER(H31))),"BELUM LENGKAP",ROUND(F31*H31,0))) | J31: =IF(A31="","",IF(COUNTIFS($A$5:$A$504,A31,$N$5:$N$504,"BELUM LENGKAP")>0,"BELUM LENGKAP",SUMIFS($I$5:$I$504,$A$5:$A$504,A31))) | K31: =IF(A31="","",IF(COUNTIFS('MASTER MENU'!$A$5:$A$504,A31)=0,"BELUM ADA",INDEX('MASTER MENU'!$F$5:$F$504,MATCH(A31,'MASTER MENU'!$A$5:$A$504,0)))) | L31: =IF(A31="","",IF(OR(NOT(ISNUMBER(J31)),NOT(ISNUMBER(K31))),"BELUM LENGKAP",K31-J31)) | M31: =IF(A31="","",IF(OR(NOT(ISNUMBER(L31)),K31=0),"BELUM LENGKAP",L31/K31)) | N31: =IF(A31="","",IF(OR(B31="BELUM ADA",E31="BELUM ADA",NOT(ISNUMBER(F31)),F31<=0,NOT(ISNUMBER(H31)),NOT(ISNUMBER(K31))),"BELUM LENGKAP","LENGKAP"))
B32: =IF(A32="","",IF(COUNTIFS('MASTER MENU'!$A$5:$A$504,A32)=0,"BELUM ADA",INDEX('MASTER MENU'!$B$5:$B$504,MATCH(A32,'MASTER MENU'!$A$5:$A$504,0)))) | C32: =IF(A32="","",IF(COUNTIFS('MASTER MENU'!$A$5:$A$504,A32)=0,"BELUM ADA",INDEX('MASTER MENU'!$E$5:$E$504,MATCH(A32,'MASTER MENU'!$A$5:$A$504,0)))) | E32: =IF(D32="","",IF(COUNTIFS('MASTER BAHAN'!$A$5:$A$504,D32)=0,"BELUM ADA",INDEX('MASTER BAHAN'!$B$5:$B$504,MATCH(D32,'MASTER BAHAN'!$A$5:$A$504,0)))) | G32: =IF(D32="","",IF(COUNTIFS('MASTER BAHAN'!$A$5:$A$504,D32)=0,"BELUM ADA",INDEX('MASTER BAHAN'!$D$5:$D$504,MATCH(D32,'MASTER BAHAN'!$A$5:$A$504,0)))) | H32: =IF(D32="","",IF(COUNTIFS('MASTER BAHAN'!$A$5:$A$504,D32)=0,"BELUM ADA",INDEX('MASTER BAHAN'!$I$5:$I$504,MATCH(D32,'MASTER BAHAN'!$A$5:$A$504,0)))) | I32: =IF(A32="","",IF(OR(NOT(ISNUMBER(F32)),NOT(ISNUMBER(H32))),"BELUM LENGKAP",ROUND(F32*H32,0))) | J32: =IF(A32="","",IF(COUNTIFS($A$5:$A$504,A32,$N$5:$N$504,"BELUM LENGKAP")>0,"BELUM LENGKAP",SUMIFS($I$5:$I$504,$A$5:$A$504,A32))) | K32: =IF(A32="","",IF(COUNTIFS('MASTER MENU'!$A$5:$A$504,A32)=0,"BELUM ADA",INDEX('MASTER MENU'!$F$5:$F$504,MATCH(A32,'MASTER MENU'!$A$5:$A$504,0)))) | L32: =IF(A32="","",IF(OR(NOT(ISNUMBER(J32)),NOT(ISNUMBER(K32))),"BELUM LENGKAP",K32-J32)) | M32: =IF(A32="","",IF(OR(NOT(ISNUMBER(L32)),K32=0),"BELUM LENGKAP",L32/K32)) | N32: =IF(A32="","",IF(OR(B32="BELUM ADA",E32="BELUM ADA",NOT(ISNUMBER(F32)),F32<=0,NOT(ISNUMBER(H32)),NOT(ISNUMBER(K32))),"BELUM LENGKAP","LENGKAP"))
B33: =IF(A33="","",IF(COUNTIFS('MASTER MENU'!$A$5:$A$504,A33)=0,"BELUM ADA",INDEX('MASTER MENU'!$B$5:$B$504,MATCH(A33,'MASTER MENU'!$A$5:$A$504,0)))) | C33: =IF(A33="","",IF(COUNTIFS('MASTER MENU'!$A$5:$A$504,A33)=0,"BELUM ADA",INDEX('MASTER MENU'!$E$5:$E$504,MATCH(A33,'MASTER MENU'!$A$5:$A$504,0)))) | E33: =IF(D33="","",IF(COUNTIFS('MASTER BAHAN'!$A$5:$A$504,D33)=0,"BELUM ADA",INDEX('MASTER BAHAN'!$B$5:$B$504,MATCH(D33,'MASTER BAHAN'!$A$5:$A$504,0)))) | G33: =IF(D33="","",IF(COUNTIFS('MASTER BAHAN'!$A$5:$A$504,D33)=0,"BELUM ADA",INDEX('MASTER BAHAN'!$D$5:$D$504,MATCH(D33,'MASTER BAHAN'!$A$5:$A$504,0)))) | H33: =IF(D33="","",IF(COUNTIFS('MASTER BAHAN'!$A$5:$A$504,D33)=0,"BELUM ADA",INDEX('MASTER BAHAN'!$I$5:$I$504,MATCH(D33,'MASTER BAHAN'!$A$5:$A$504,0)))) | I33: =IF(A33="","",IF(OR(NOT(ISNUMBER(F33)),NOT(ISNUMBER(H33))),"BELUM LENGKAP",ROUND(F33*H33,0))) | J33: =IF(A33="","",IF(COUNTIFS($A$5:$A$504,A33,$N$5:$N$504,"BELUM LENGKAP")>0,"BELUM LENGKAP",SUMIFS($I$5:$I$504,$A$5:$A$504,A33))) | K33: =IF(A33="","",IF(COUNTIFS('MASTER MENU'!$A$5:$A$504,A33)=0,"BELUM ADA",INDEX('MASTER MENU'!$F$5:$F$504,MATCH(A33,'MASTER MENU'!$A$5:$A$504,0)))) | L33: =IF(A33="","",IF(OR(NOT(ISNUMBER(J33)),NOT(ISNUMBER(K33))),"BELUM LENGKAP",K33-J33)) | M33: =IF(A33="","",IF(OR(NOT(ISNUMBER(L33)),K33=0),"BELUM LENGKAP",L33/K33)) | N33: =IF(A33="","",IF(OR(B33="BELUM ADA",E33="BELUM ADA",NOT(ISNUMBER(F33)),F33<=0,NOT(ISNUMBER(H33)),NOT(ISNUMBER(K33))),"BELUM LENGKAP","LENGKAP"))
... B64: =IF(A64="","",IF(COUNTIFS('MASTER MENU'!$A$5:$A$504,A64)=0,"BELUM ADA",INDEX('MASTER MENU'!$B$5:$B$504,MATCH(A64,'MASTER MENU'!$A$5:$A$504,0)))) | C64: =IF(A64="","",IF(COUNTIFS('MASTER MENU'!$A$5:$A$504,A64)=0,"BELUM ADA",INDEX('MASTER MENU'!$E$5:$E$504,MATCH(A64,'MASTER MENU'!$A$5:$A$504,0)))) | E64: =IF(D64="","",IF(COUNTIFS('MASTER BAHAN'!$A$5:$A$504,D64)=0,"BELUM ADA",INDEX('MASTER BAHAN'!$B$5:$B$504,MATCH(D64,'MASTER BAHAN'!$A$5:$A$504,0)))) | G64: =IF(D64="","",IF(COUNTIFS('MASTER BAHAN'!$A$5:$A$504,D64)=0,"BELUM ADA",INDEX('MASTER BAHAN'!$D$5:$D$504,MATCH(D64,'MASTER BAHAN'!$A$5:$A$504,0)))) | H64: =IF(D64="","",IF(COUNTIFS('MASTER BAHAN'!$A$5:$A$504,D64)=0,"BELUM ADA",INDEX('MASTER BAHAN'!$I$5:$I$504,MATCH(D64,'MASTER BAHAN'!$A$5:$A$504,0)))) | I64: =IF(A64="","",IF(OR(NOT(ISNUMBER(F64)),NOT(ISNUMBER(H64))),"BELUM LENGKAP",ROUND(F64*H64,0))) | J64: =IF(A64="","",IF(COUNTIFS($A$5:$A$504,A64,$N$5:$N$504,"BELUM LENGKAP")>0,"BELUM LENGKAP",SUMIFS($I$5:$I$504,$A$5:$A$504,A64))) | K64: =IF(A64="","",IF(COUNTIFS('MASTER MENU'!$A$5:$A$504,A64)=0,"BELUM ADA",INDEX('MASTER MENU'!$F$5:$F$504,MATCH(A64,'MASTER MENU'!$A$5:$A$504,0)))) | L64: =IF(A64="","",IF(OR(NOT(ISNUMBER(J64)),NOT(ISNUMBER(K64))),"BELUM LENGKAP",K64-J64)) | M64: =IF(A64="","",IF(OR(NOT(ISNUMBER(L64)),K64=0),"BELUM LENGKAP",L64/K64)) | N64: =IF(A64="","",IF(OR(B64="BELUM ADA",E64="BELUM ADA",NOT(ISNUMBER(F64)),F64<=0,NOT(ISNUMBER(H64)),NOT(ISNUMBER(K64))),"BELUM LENGKAP","LENGKAP"))

Sheet STOK MASUK
A1: STOK MASUK
A2: Jumlah memakai satuan dasar, bukan kemasan. Catat pengeluaran pembelian bahan dengan Memengaruhi laba=Tidak.
A3: ISI MANUAL | B3: HASIL OTOMATIS | C3: ID CONTOH- = simulasi
A4: Nomor transaksi | B4: Tanggal dan waktu WIB | C4: Supplier | D4: Nomor bukti | E4: ID bahan | F4: Nama bahan | G4: Jumlah | H4: Satuan | I4: Harga beli | J4: Total | K4: Petugas | L4: Catatan | M4: Urutan item | N4: Kunci cetak
A5: CONTOH-S1 | B5: 46325.333 | C5: Supplier CONTOH | D5: BUKTI-CONTOH-1 | E5: CONTOH-B01 | F5: =IF(E5="","",IF(COUNTIFS('MASTER BAHAN'!$A$5:$A$504,E5)=0,"BELUM ADA",INDEX('MASTER BAHAN'!$B$5:$B$504,MATCH(E5,'MASTER BAHAN'!$A$5:$A$504,0)))) -> Biji kopi | G5: 100 | H5: =IF(E5="","",IF(COUNTIFS('MASTER BAHAN'!$A$5:$A$504,E5)=0,"BELUM ADA",INDEX('MASTER BAHAN'!$D$5:$D$504,MATCH(E5,'MASTER BAHAN'!$A$5:$A$504,0)))) -> gram | I5: 15000 | J5: =IF(A5="","",IF(OR(NOT(ISNUMBER(G5)),NOT(ISNUMBER(I5))),"BELUM LENGKAP",ROUND(G5*I5,0))) -> 1500000 | K5: Petugas CONTOH | L5: CONTOH - pembelian simulasi | M5: =IF(A5="","",COUNTIF($A$5:A5,A5)) -> 1 | N5: =IF(A5="","",A5&"|"&M5) -> CONTOH-S1|1
A6: CONTOH-S2 | B6: 46325.333 | C6: Supplier CONTOH | D6: BUKTI-CONTOH-2 | E6: CONTOH-B02 | F6: =IF(E6="","",IF(COUNTIFS('MASTER BAHAN'!$A$5:$A$504,E6)=0,"BELUM ADA",INDEX('MASTER BAHAN'!$B$5:$B$504,MATCH(E6,'MASTER BAHAN'!$A$5:$A$504,0)))) -> Susu UHT | G6: 100 | H6: =IF(E6="","",IF(COUNTIFS('MASTER BAHAN'!$A$5:$A$504,E6)=0,"BELUM ADA",INDEX('MASTER BAHAN'!$D$5:$D$504,MATCH(E6,'MASTER BAHAN'!$A$5:$A$504,0)))) -> ml | I6: 2400 | J6: =IF(A6="","",IF(OR(NOT(ISNUMBER(G6)),NOT(ISNUMBER(I6))),"BELUM LENGKAP",ROUND(G6*I6,0))) -> 240000 | K6: Petugas CONTOH | L6: CONTOH - pembelian simulasi | M6: =IF(A6="","",COUNTIF($A$5:A6,A6)) -> 1 | N6: =IF(A6="","",A6&"|"&M6) -> CONTOH-S2|1
A7: CONTOH-S3 | B7: 46325.333 | C7: Supplier CONTOH | D7: BUKTI-CONTOH-3 | E7: CONTOH-B03 | F7: =IF(E7="","",IF(COUNTIFS('MASTER BAHAN'!$A$5:$A$504,E7)=0,"BELUM ADA",INDEX('MASTER BAHAN'!$B$5:$B$504,MATCH(E7,'MASTER BAHAN'!$A$5:$A$504,0)))) -> Gula aren | G7: 100 | H7: =IF(E7="","",IF(COUNTIFS('MASTER BAHAN'!$A$5:$A$504,E7)=0,"BELUM ADA",INDEX('MASTER BAHAN'!$D$5:$D$504,MATCH(E7,'MASTER BAHAN'!$A$5:$A$504,0)))) -> ml | I7: 4000 | J7: =IF(A7="","",IF(OR(NOT(ISNUMBER(G7)),NOT(ISNUMBER(I7))),"BELUM LENGKAP",ROUND(G7*I7,0))) -> 400000 | K7: Petugas CONTOH | L7: CONTOH - pembelian simulasi | M7: =IF(A7="","",COUNTIF($A$5:A7,A7)) -> 1 | N7: =IF(A7="","",A7&"|"&M7) -> CONTOH-S3|1
A8: CONTOH-S4 | B8: 46325.333 | C8: Supplier CONTOH | D8: BUKTI-CONTOH-4 | E8: CONTOH-B04 | F8: =IF(E8="","",IF(COUNTIFS('MASTER BAHAN'!$A$5:$A$504,E8)=0,"BELUM ADA",INDEX('MASTER BAHAN'!$B$5:$B$504,MATCH(E8,'MASTER BAHAN'!$A$5:$A$504,0)))) -> Air mineral | G8: 100 | H8: =IF(E8="","",IF(COUNTIFS('MASTER BAHAN'!$A$5:$A$504,E8)=0,"BELUM ADA",INDEX('MASTER BAHAN'!$D$5:$D$504,MATCH(E8,'MASTER BAHAN'!$A$5:$A$504,0)))) -> ml | I8: 80 | J8: =IF(A8="","",IF(OR(NOT(ISNUMBER(G8)),NOT(ISNUMBER(I8))),"BELUM LENGKAP",ROUND(G8*I8,0))) -> 8000 | K8: Petugas CONTOH | L8: CONTOH - pembelian simulasi | M8: =IF(A8="","",COUNTIF($A$5:A8,A8)) -> 1 | N8: =IF(A8="","",A8&"|"&M8) -> CONTOH-S4|1
A9: CONTOH-S5 | B9: 46325.333 | C9: Supplier CONTOH | D9: BUKTI-CONTOH-5 | E9: CONTOH-B05 | F9: =IF(E9="","",IF(COUNTIFS('MASTER BAHAN'!$A$5:$A$504,E9)=0,"BELUM ADA",INDEX('MASTER BAHAN'!$B$5:$B$504,MATCH(E9,'MASTER BAHAN'!$A$5:$A$504,0)))) -> Bubuk matcha | G9: 100 | H9: =IF(E9="","",IF(COUNTIFS('MASTER BAHAN'!$A$5:$A$504,E9)=0,"BELUM ADA",INDEX('MASTER BAHAN'!$D$5:$D$504,MATCH(E9,'MASTER BAHAN'!$A$5:$A$504,0)))) -> gram | I9: 22000 | J9: =IF(A9="","",IF(OR(NOT(ISNUMBER(G9)),NOT(ISNUMBER(I9))),"BELUM LENGKAP",ROUND(G9*I9,0))) -> 2200000 | K9: Petugas CONTOH | L9: CONTOH - pembelian simulasi | M9: =IF(A9="","",COUNTIF($A$5:A9,A9)) -> 1 | N9: =IF(A9="","",A9&"|"&M9) -> CONTOH-S5|1
A10: CONTOH-S6 | B10: 46325.333 | C10: Supplier CONTOH | D10: BUKTI-CONTOH-6 | E10: CONTOH-B06 | F10: =IF(E10="","",IF(COUNTIFS('MASTER BAHAN'!$A$5:$A$504,E10)=0,"BELUM ADA",INDEX('MASTER BAHAN'!$B$5:$B$504,MATCH(E10,'MASTER BAHAN'!$A$5:$A$504,0)))) -> Teh celup | G10: 100 | H10: =IF(E10="","",IF(COUNTIFS('MASTER BAHAN'!$A$5:$A$504,E10)=0,"BELUM ADA",INDEX('MASTER BAHAN'!$D$5:$D$504,MATCH(E10,'MASTER BAHAN'!$A$5:$A$504,0)))) -> pcs | I10: 40000 | J10: =IF(A10="","",IF(OR(NOT(ISNUMBER(G10)),NOT(ISNUMBER(I10))),"BELUM LENGKAP",ROUND(G10*I10,0))) -> 4000000 | K10: Petugas CONTOH | L10: CONTOH - pembelian simulasi | M10: =IF(A10="","",COUNTIF($A$5:A10,A10)) -> 1 | N10: =IF(A10="","",A10&"|"&M10) -> CONTOH-S6|1
A11: CONTOH-S7 | B11: 46325.333 | C11: Supplier CONTOH | D11: BUKTI-CONTOH-7 | E11: CONTOH-B07 | F11: =IF(E11="","",IF(COUNTIFS('MASTER BAHAN'!$A$5:$A$504,E11)=0,"BELUM ADA",INDEX('MASTER BAHAN'!$B$5:$B$504,MATCH(E11,'MASTER BAHAN'!$A$5:$A$504,0)))) -> Lemon | G11: 100 | H11: =IF(E11="","",IF(COUNTIFS('MASTER BAHAN'!$A$5:$A$504,E11)=0,"BELUM ADA",INDEX('MASTER BAHAN'!$D$5:$D$504,MATCH(E11,'MASTER BAHAN'!$A$5:$A$504,0)))) -> gram | I11: 3000 | J11: =IF(A11="","",IF(OR(NOT(ISNUMBER(G11)),NOT(ISNUMBER(I11))),"BELUM LENGKAP",ROUND(G11*I11,0))) -> 300000 | K11: Petugas CONTOH | L11: CONTOH - pembelian simulasi | M11: =IF(A11="","",COUNTIF($A$5:A11,A11)) -> 1 | N11: =IF(A11="","",A11&"|"&M11) -> CONTOH-S7|1
A12: CONTOH-S8 | B12: 46325.333 | C12: Supplier CONTOH | D12: BUKTI-CONTOH-8 | E12: CONTOH-B08 | F12: =IF(E12="","",IF(COUNTIFS('MASTER BAHAN'!$A$5:$A$504,E12)=0,"BELUM ADA",INDEX('MASTER BAHAN'!$B$5:$B$504,MATCH(E12,'MASTER BAHAN'!$A$5:$A$504,0)))) -> Croissant beku | G12: 100 | H12: =IF(E12="","",IF(COUNTIFS('MASTER BAHAN'!$A$5:$A$504,E12)=0,"BELUM ADA",INDEX('MASTER BAHAN'!$D$5:$D$504,MATCH(E12,'MASTER BAHAN'!$A$5:$A$504,0)))) -> pcs | I12: 750000 | J12: =IF(A12="","",IF(OR(NOT(ISNUMBER(G12)),NOT(ISNUMBER(I12))),"BELUM LENGKAP",ROUND(G12*I12,0))) -> 75000000 | K12: Petugas CONTOH | L12: CONTOH - pembelian simulasi | M12: =IF(A12="","",COUNTIF($A$5:A12,A12)) -> 1 | N12: =IF(A12="","",A12&"|"&M12) -> CONTOH-S8|1
A13: CONTOH-S9 | B13: 46325.333 | C13: Supplier CONTOH | D13: BUKTI-CONTOH-9 | E13: CONTOH-B09 | F13: =IF(E13="","",IF(COUNTIFS('MASTER BAHAN'!$A$5:$A$504,E13)=0,"BELUM ADA",INDEX('MASTER BAHAN'!$B$5:$B$504,MATCH(E13,'MASTER BAHAN'!$A$5:$A$504,0)))) -> Beras | G13: 100 | H13: =IF(E13="","",IF(COUNTIFS('MASTER BAHAN'!$A$5:$A$504,E13)=0,"BELUM ADA",INDEX('MASTER BAHAN'!$D$5:$D$504,MATCH(E13,'MASTER BAHAN'!$A$5:$A$504,0)))) -> gram | I13: 1700 | J13: =IF(A13="","",IF(OR(NOT(ISNUMBER(G13)),NOT(ISNUMBER(I13))),"BELUM LENGKAP",ROUND(G13*I13,0))) -> 170000 | K13: Petugas CONTOH | L13: CONTOH - pembelian simulasi | M13: =IF(A13="","",COUNTIF($A$5:A13,A13)) -> 1 | N13: =IF(A13="","",A13&"|"&M13) -> CONTOH-S9|1
A14: CONTOH-S10 | B14: 46325.333 | C14: Supplier CONTOH | D14: BUKTI-CONTOH-10 | E14: CONTOH-B10 | F14: =IF(E14="","",IF(COUNTIFS('MASTER BAHAN'!$A$5:$A$504,E14)=0,"BELUM ADA",INDEX('MASTER BAHAN'!$B$5:$B$504,MATCH(E14,'MASTER BAHAN'!$A$5:$A$504,0)))) -> Telur | G14: 100 | H14: =IF(E14="","",IF(COUNTIFS('MASTER BAHAN'!$A$5:$A$504,E14)=0,"BELUM ADA",INDEX('MASTER BAHAN'!$D$5:$D$504,MATCH(E14,'MASTER BAHAN'!$A$5:$A$504,0)))) -> pcs | I14: 100000 | J14: =IF(A14="","",IF(OR(NOT(ISNUMBER(G14)),NOT(ISNUMBER(I14))),"BELUM LENGKAP",ROUND(G14*I14,0))) -> 10000000 | K14: Petugas CONTOH | L14: CONTOH - pembelian simulasi | M14: =IF(A14="","",COUNTIF($A$5:A14,A14)) -> 1 | N14: =IF(A14="","",A14&"|"&M14) -> CONTOH-S10|1
F15: =IF(E15="","",IF(COUNTIFS('MASTER BAHAN'!$A$5:$A$504,E15)=0,"BELUM ADA",INDEX('MASTER BAHAN'!$B$5:$B$504,MATCH(E15,'MASTER BAHAN'!$A$5:$A$504,0)))) | H15: =IF(E15="","",IF(COUNTIFS('MASTER BAHAN'!$A$5:$A$504,E15)=0,"BELUM ADA",INDEX('MASTER BAHAN'!$D$5:$D$504,MATCH(E15,'MASTER BAHAN'!$A$5:$A$504,0)))) | J15: =IF(A15="","",IF(OR(NOT(ISNUMBER(G15)),NOT(ISNUMBER(I15))),"BELUM LENGKAP",ROUND(G15*I15,0))) | M15: =IF(A15="","",COUNTIF($A$5:A15,A15)) | N15: =IF(A15="","",A15&"|"&M15)
F16: =IF(E16="","",IF(COUNTIFS('MASTER BAHAN'!$A$5:$A$504,E16)=0,"BELUM ADA",INDEX('MASTER BAHAN'!$B$5:$B$504,MATCH(E16,'MASTER BAHAN'!$A$5:$A$504,0)))) | H16: =IF(E16="","",IF(COUNTIFS('MASTER BAHAN'!$A$5:$A$504,E16)=0,"BELUM ADA",INDEX('MASTER BAHAN'!$D$5:$D$504,MATCH(E16,'MASTER BAHAN'!$A$5:$A$504,0)))) | J16: =IF(A16="","",IF(OR(NOT(ISNUMBER(G16)),NOT(ISNUMBER(I16))),"BELUM LENGKAP",ROUND(G16*I16,0))) | M16: =IF(A16="","",COUNTIF($A$5:A16,A16)) | N16: =IF(A16="","",A16&"|"&M16)
F17: =IF(E17="","",IF(COUNTIFS('MASTER BAHAN'!$A$5:$A$504,E17)=0,"BELUM ADA",INDEX('MASTER BAHAN'!$B$5:$B$504,MATCH(E17,'MASTER BAHAN'!$A$5:$A$504,0)))) | H17: =IF(E17="","",IF(COUNTIFS('MASTER BAHAN'!$A$5:$A$504,E17)=0,"BELUM ADA",INDEX('MASTER BAHAN'!$D$5:$D$504,MATCH(E17,'MASTER BAHAN'!$A$5:$A$504,0)))) | J17: =IF(A17="","",IF(OR(NOT(ISNUMBER(G17)),NOT(ISNUMBER(I17))),"BELUM LENGKAP",ROUND(G17*I17,0))) | M17: =IF(A17="","",COUNTIF($A$5:A17,A17)) | N17: =IF(A17="","",A17&"|"&M17)
F18: =IF(E18="","",IF(COUNTIFS('MASTER BAHAN'!$A$5:$A$504,E18)=0,"BELUM ADA",INDEX('MASTER BAHAN'!$B$5:$B$504,MATCH(E18,'MASTER BAHAN'!$A$5:$A$504,0)))) | H18: =IF(E18="","",IF(COUNTIFS('MASTER BAHAN'!$A$5:$A$504,E18)=0,"BELUM ADA",INDEX('MASTER BAHAN'!$D$5:$D$504,MATCH(E18,'MASTER BAHAN'!$A$5:$A$504,0)))) | J18: =IF(A18="","",IF(OR(NOT(ISNUMBER(G18)),NOT(ISNUMBER(I18))),"BELUM LENGKAP",ROUND(G18*I18,0))) | M18: =IF(A18="","",COUNTIF($A$5:A18,A18)) | N18: =IF(A18="","",A18&"|"&M18)
F19: =IF(E19="","",IF(COUNTIFS('MASTER BAHAN'!$A$5:$A$504,E19)=0,"BELUM ADA",INDEX('MASTER BAHAN'!$B$5:$B$504,MATCH(E19,'MASTER BAHAN'!$A$5:$A$504,0)))) | H19: =IF(E19="","",IF(COUNTIFS('MASTER BAHAN'!$A$5:$A$504,E19)=0,"BELUM ADA",INDEX('MASTER BAHAN'!$D$5:$D$504,MATCH(E19,'MASTER BAHAN'!$A$5:$A$504,0)))) | J19: =IF(A19="","",IF(OR(NOT(ISNUMBER(G19)),NOT(ISNUMBER(I19))),"BELUM LENGKAP",ROUND(G19*I19,0))) | M19: =IF(A19="","",COUNTIF($A$5:A19,A19)) | N19: =IF(A19="","",A19&"|"&M19)
F20: =IF(E20="","",IF(COUNTIFS('MASTER BAHAN'!$A$5:$A$504,E20)=0,"BELUM ADA",INDEX('MASTER BAHAN'!$B$5:$B$504,MATCH(E20,'MASTER BAHAN'!$A$5:$A$504,0)))) | H20: =IF(E20="","",IF(COUNTIFS('MASTER BAHAN'!$A$5:$A$504,E20)=0,"BELUM ADA",INDEX('MASTER BAHAN'!$D$5:$D$504,MATCH(E20,'MASTER BAHAN'!$A$5:$A$504,0)))) | J20: =IF(A20="","",IF(OR(NOT(ISNUMBER(G20)),NOT(ISNUMBER(I20))),"BELUM LENGKAP",ROUND(G20*I20,0))) | M20: =IF(A20="","",COUNTIF($A$5:A20,A20)) | N20: =IF(A20="","",A20&"|"&M20)
F21: =IF(E21="","",IF(COUNTIFS('MASTER BAHAN'!$A$5:$A$504,E21)=0,"BELUM ADA",INDEX('MASTER BAHAN'!$B$5:$B$504,MATCH(E21,'MASTER BAHAN'!$A$5:$A$504,0)))) | H21: =IF(E21="","",IF(COUNTIFS('MASTER BAHAN'!$A$5:$A$504,E21)=0,"BELUM ADA",INDEX('MASTER BAHAN'!$D$5:$D$504,MATCH(E21,'MASTER BAHAN'!$A$5:$A$504,0)))) | J21: =IF(A21="","",IF(OR(NOT(ISNUMBER(G21)),NOT(ISNUMBER(I21))),"BELUM LENGKAP",ROUND(G21*I21,0))) | M21: =IF(A21="","",COUNTIF($A$5:A21,A21)) | N21: =IF(A21="","",A21&"|"&M21)
F22: =IF(E22="","",IF(COUNTIFS('MASTER BAHAN'!$A$5:$A$504,E22)=0,"BELUM ADA",INDEX('MASTER BAHAN'!$B$5:$B$504,MATCH(E22,'MASTER BAHAN'!$A$5:$A$504,0)))) | H22: =IF(E22="","",IF(COUNTIFS('MASTER BAHAN'!$A$5:$A$504,E22)=0,"BELUM ADA",INDEX('MASTER BAHAN'!$D$5:$D$504,MATCH(E22,'MASTER BAHAN'!$A$5:$A$504,0)))) | J22: =IF(A22="","",IF(OR(NOT(ISNUMBER(G22)),NOT(ISNUMBER(I22))),"BELUM LENGKAP",ROUND(G22*I22,0))) | M22: =IF(A22="","",COUNTIF($A$5:A22,A22)) | N22: =IF(A22="","",A22&"|"&M22)
F23: =IF(E23="","",IF(COUNTIFS('MASTER BAHAN'!$A$5:$A$504,E23)=0,"BELUM ADA",INDEX('MASTER BAHAN'!$B$5:$B$504,MATCH(E23,'MASTER BAHAN'!$A$5:$A$504,0)))) | H23: =IF(E23="","",IF(COUNTIFS('MASTER BAHAN'!$A$5:$A$504,E23)=0,"BELUM ADA",INDEX('MASTER BAHAN'!$D$5:$D$504,MATCH(E23,'MASTER BAHAN'!$A$5:$A$504,0)))) | J23: =IF(A23="","",IF(OR(NOT(ISNUMBER(G23)),NOT(ISNUMBER(I23))),"BELUM LENGKAP",ROUND(G23*I23,0))) | M23: =IF(A23="","",COUNTIF($A$5:A23,A23)) | N23: =IF(A23="","",A23&"|"&M23)
F24: =IF(E24="","",IF(COUNTIFS('MASTER BAHAN'!$A$5:$A$504,E24)=0,"BELUM ADA",INDEX('MASTER BAHAN'!$B$5:$B$504,MATCH(E24,'MASTER BAHAN'!$A$5:$A$504,0)))) | H24: =IF(E24="","",IF(COUNTIFS('MASTER BAHAN'!$A$5:$A$504,E24)=0,"BELUM ADA",INDEX('MASTER BAHAN'!$D$5:$D$504,MATCH(E24,'MASTER BAHAN'!$A$5:$A$504,0)))) | J24: =IF(A24="","",IF(OR(NOT(ISNUMBER(G24)),NOT(ISNUMBER(I24))),"BELUM LENGKAP",ROUND(G24*I24,0))) | M24: =IF(A24="","",COUNTIF($A$5:A24,A24)) | N24: =IF(A24="","",A24&"|"&M24)
F25: =IF(E25="","",IF(COUNTIFS('MASTER BAHAN'!$A$5:$A$504,E25)=0,"BELUM ADA",INDEX('MASTER BAHAN'!$B$5:$B$504,MATCH(E25,'MASTER BAHAN'!$A$5:$A$504,0)))) | H25: =IF(E25="","",IF(COUNTIFS('MASTER BAHAN'!$A$5:$A$504,E25)=0,"BELUM ADA",INDEX('MASTER BAHAN'!$D$5:$D$504,MATCH(E25,'MASTER BAHAN'!$A$5:$A$504,0)))) | J25: =IF(A25="","",IF(OR(NOT(ISNUMBER(G25)),NOT(ISNUMBER(I25))),"BELUM LENGKAP",ROUND(G25*I25,0))) | M25: =IF(A25="","",COUNTIF($A$5:A25,A25)) | N25: =IF(A25="","",A25&"|"&M25)
F26: =IF(E26="","",IF(COUNTIFS('MASTER BAHAN'!$A$5:$A$504,E26)=0,"BELUM ADA",INDEX('MASTER BAHAN'!$B$5:$B$504,MATCH(E26,'MASTER BAHAN'!$A$5:$A$504,0)))) | H26: =IF(E26="","",IF(COUNTIFS('MASTER BAHAN'!$A$5:$A$504,E26)=0,"BELUM ADA",INDEX('MASTER BAHAN'!$D$5:$D$504,MATCH(E26,'MASTER BAHAN'!$A$5:$A$504,0)))) | J26: =IF(A26="","",IF(OR(NOT(ISNUMBER(G26)),NOT(ISNUMBER(I26))),"BELUM LENGKAP",ROUND(G26*I26,0))) | M26: =IF(A26="","",COUNTIF($A$5:A26,A26)) | N26: =IF(A26="","",A26&"|"&M26)
... F504: =IF(E504="","",IF(COUNTIFS('MASTER BAHAN'!$A$5:$A$504,E504)=0,"BELUM ADA",INDEX('MASTER BAHAN'!$B$5:$B$504,MATCH(E504,'MASTER BAHAN'!$A$5:$A$504,0)))) | H504: =IF(E504="","",IF(COUNTIFS('MASTER BAHAN'!$A$5:$A$504,E504)=0,"BELUM ADA",INDEX('MASTER BAHAN'!$D$5:$D$504,MATCH(E504,'MASTER BAHAN'!$A$5:$A$504,0)))) | J504: =IF(A504="","",IF(OR(NOT(ISNUMBER(G504)),NOT(ISNUMBER(I504))),"BELUM LENGKAP",ROUND(G504*I504,0))) | M504: =IF(A504="","",COUNTIF($A$5:A504,A504)) | N504: =IF(A504="","",A504&"|"&M504)

Sheet PERGERAKAN STOK
A1: PERGERAKAN STOK
A2: Jumlah positif untuk pemakaian/waste/retur; Penyesuaian bisa negatif atau positif. Isi snapshot biaya ketika waste disetujui.
A3: ISI MANUAL | B3: HASIL OTOMATIS | C3: ID CONTOH- = simulasi
A4: Nomor pergerakan | B4: Tanggal dan waktu WIB | C4: ID bahan | D4: Nama bahan | E4: Jenis | F4: Jumlah | G4: Satuan | H4: Alasan | I4: Nomor pesanan terkait | J4: Petugas | K4: Status persetujuan | L4: Biaya / unit snapshot | M4: Kerugian waste
A5: CONTOH-P1 | B5: 46325.458 | C5: CONTOH-B01 | D5: =IF(C5="","",IF(COUNTIFS('MASTER BAHAN'!$A$5:$A$504,C5)=0,"BELUM ADA",INDEX('MASTER BAHAN'!$B$5:$B$504,MATCH(C5,'MASTER BAHAN'!$A$5:$A$504,0)))) -> Biji kopi | E5: Pemakaian | F5: 10 | G5: =IF(C5="","",IF(COUNTIFS('MASTER BAHAN'!$A$5:$A$504,C5)=0,"BELUM ADA",INDEX('MASTER BAHAN'!$D$5:$D$504,MATCH(C5,'MASTER BAHAN'!$A$5:$A$504,0)))) -> gram | H5: CONTOH - terpakai | I5: CONTOH-O01 | J5: Petugas CONTOH | K5: Disetujui | M5: =IF(A5="","",IF(E5<>"Waste",0,IF(NOT(ISNUMBER(L5)),"ISI BIAYA WASTE",IF(K5="Disetujui",ROUND(F5*L5,0),0)))) -> 0
A6: CONTOH-P2 | B6: 46325.458 | C6: CONTOH-B02 | D6: =IF(C6="","",IF(COUNTIFS('MASTER BAHAN'!$A$5:$A$504,C6)=0,"BELUM ADA",INDEX('MASTER BAHAN'!$B$5:$B$504,MATCH(C6,'MASTER BAHAN'!$A$5:$A$504,0)))) -> Susu UHT | E6: Waste | F6: 20 | G6: =IF(C6="","",IF(COUNTIFS('MASTER BAHAN'!$A$5:$A$504,C6)=0,"BELUM ADA",INDEX('MASTER BAHAN'!$D$5:$D$504,MATCH(C6,'MASTER BAHAN'!$A$5:$A$504,0)))) -> ml | H6: CONTOH - tumpah | J6: Petugas CONTOH | K6: Disetujui | L6: 24 | M6: =IF(A6="","",IF(E6<>"Waste",0,IF(NOT(ISNUMBER(L6)),"ISI BIAYA WASTE",IF(K6="Disetujui",ROUND(F6*L6,0),0)))) -> 480
A7: CONTOH-P3 | B7: 46325.458 | C7: CONTOH-B03 | D7: =IF(C7="","",IF(COUNTIFS('MASTER BAHAN'!$A$5:$A$504,C7)=0,"BELUM ADA",INDEX('MASTER BAHAN'!$B$5:$B$504,MATCH(C7,'MASTER BAHAN'!$A$5:$A$504,0)))) -> Gula aren | E7: Pemakaian | F7: 10 | G7: =IF(C7="","",IF(COUNTIFS('MASTER BAHAN'!$A$5:$A$504,C7)=0,"BELUM ADA",INDEX('MASTER BAHAN'!$D$5:$D$504,MATCH(C7,'MASTER BAHAN'!$A$5:$A$504,0)))) -> ml | H7: CONTOH - terpakai | I7: CONTOH-O03 | J7: Petugas CONTOH | K7: Disetujui | M7: =IF(A7="","",IF(E7<>"Waste",0,IF(NOT(ISNUMBER(L7)),"ISI BIAYA WASTE",IF(K7="Disetujui",ROUND(F7*L7,0),0)))) -> 0
A8: CONTOH-P4 | B8: 46325.458 | C8: CONTOH-B04 | D8: =IF(C8="","",IF(COUNTIFS('MASTER BAHAN'!$A$5:$A$504,C8)=0,"BELUM ADA",INDEX('MASTER BAHAN'!$B$5:$B$504,MATCH(C8,'MASTER BAHAN'!$A$5:$A$504,0)))) -> Air mineral | E8: Pemakaian | F8: 10 | G8: =IF(C8="","",IF(COUNTIFS('MASTER BAHAN'!$A$5:$A$504,C8)=0,"BELUM ADA",INDEX('MASTER BAHAN'!$D$5:$D$504,MATCH(C8,'MASTER BAHAN'!$A$5:$A$504,0)))) -> ml | H8: CONTOH - terpakai | I8: CONTOH-O04 | J8: Petugas CONTOH | K8: Disetujui | M8: =IF(A8="","",IF(E8<>"Waste",0,IF(NOT(ISNUMBER(L8)),"ISI BIAYA WASTE",IF(K8="Disetujui",ROUND(F8*L8,0),0)))) -> 0
A9: CONTOH-P5 | B9: 46325.458 | C9: CONTOH-B05 | D9: =IF(C9="","",IF(COUNTIFS('MASTER BAHAN'!$A$5:$A$504,C9)=0,"BELUM ADA",INDEX('MASTER BAHAN'!$B$5:$B$504,MATCH(C9,'MASTER BAHAN'!$A$5:$A$504,0)))) -> Bubuk matcha | E9: Pemakaian | F9: 10 | G9: =IF(C9="","",IF(COUNTIFS('MASTER BAHAN'!$A$5:$A$504,C9)=0,"BELUM ADA",INDEX('MASTER BAHAN'!$D$5:$D$504,MATCH(C9,'MASTER BAHAN'!$A$5:$A$504,0)))) -> gram | H9: CONTOH - terpakai | I9: CONTOH-O05 | J9: Petugas CONTOH | K9: Disetujui | M9: =IF(A9="","",IF(E9<>"Waste",0,IF(NOT(ISNUMBER(L9)),"ISI BIAYA WASTE",IF(K9="Disetujui",ROUND(F9*L9,0),0)))) -> 0
A10: CONTOH-P6 | B10: 46325.458 | C10: CONTOH-B06 | D10: =IF(C10="","",IF(COUNTIFS('MASTER BAHAN'!$A$5:$A$504,C10)=0,"BELUM ADA",INDEX('MASTER BAHAN'!$B$5:$B$504,MATCH(C10,'MASTER BAHAN'!$A$5:$A$504,0)))) -> Teh celup | E10: Pemakaian | F10: 10 | G10: =IF(C10="","",IF(COUNTIFS('MASTER BAHAN'!$A$5:$A$504,C10)=0,"BELUM ADA",INDEX('MASTER BAHAN'!$D$5:$D$504,MATCH(C10,'MASTER BAHAN'!$A$5:$A$504,0)))) -> pcs | H10: CONTOH - terpakai | I10: CONTOH-O06 | J10: Petugas CONTOH | K10: Disetujui | M10: =IF(A10="","",IF(E10<>"Waste",0,IF(NOT(ISNUMBER(L10)),"ISI BIAYA WASTE",IF(K10="Disetujui",ROUND(F10*L10,0),0)))) -> 0
A11: CONTOH-P7 | B11: 46325.458 | C11: CONTOH-B07 | D11: =IF(C11="","",IF(COUNTIFS('MASTER BAHAN'!$A$5:$A$504,C11)=0,"BELUM ADA",INDEX('MASTER BAHAN'!$B$5:$B$504,MATCH(C11,'MASTER BAHAN'!$A$5:$A$504,0)))) -> Lemon | E11: Pemakaian | F11: 10 | G11: =IF(C11="","",IF(COUNTIFS('MASTER BAHAN'!$A$5:$A$504,C11)=0,"BELUM ADA",INDEX('MASTER BAHAN'!$D$5:$D$504,MATCH(C11,'MASTER BAHAN'!$A$5:$A$504,0)))) -> gram | H11: CONTOH - terpakai | I11: CONTOH-O07 | J11: Petugas CONTOH | K11: Disetujui | M11: =IF(A11="","",IF(E11<>"Waste",0,IF(NOT(ISNUMBER(L11)),"ISI BIAYA WASTE",IF(K11="Disetujui",ROUND(F11*L11,0),0)))) -> 0
A12: CONTOH-P8 | B12: 46325.458 | C12: CONTOH-B08 | D12: =IF(C12="","",IF(COUNTIFS('MASTER BAHAN'!$A$5:$A$504,C12)=0,"BELUM ADA",INDEX('MASTER BAHAN'!$B$5:$B$504,MATCH(C12,'MASTER BAHAN'!$A$5:$A$504,0)))) -> Croissant beku | E12: Pemakaian | F12: 10 | G12: =IF(C12="","",IF(COUNTIFS('MASTER BAHAN'!$A$5:$A$504,C12)=0,"BELUM ADA",INDEX('MASTER BAHAN'!$D$5:$D$504,MATCH(C12,'MASTER BAHAN'!$A$5:$A$504,0)))) -> pcs | H12: CONTOH - terpakai | I12: CONTOH-O08 | J12: Petugas CONTOH | K12: Disetujui | M12: =IF(A12="","",IF(E12<>"Waste",0,IF(NOT(ISNUMBER(L12)),"ISI BIAYA WASTE",IF(K12="Disetujui",ROUND(F12*L12,0),0)))) -> 0
A13: CONTOH-P9 | B13: 46325.458 | C13: CONTOH-B09 | D13: =IF(C13="","",IF(COUNTIFS('MASTER BAHAN'!$A$5:$A$504,C13)=0,"BELUM ADA",INDEX('MASTER BAHAN'!$B$5:$B$504,MATCH(C13,'MASTER BAHAN'!$A$5:$A$504,0)))) -> Beras | E13: Pemakaian | F13: 10 | G13: =IF(C13="","",IF(COUNTIFS('MASTER BAHAN'!$A$5:$A$504,C13)=0,"BELUM ADA",INDEX('MASTER BAHAN'!$D$5:$D$504,MATCH(C13,'MASTER BAHAN'!$A$5:$A$504,0)))) -> gram | H13: CONTOH - terpakai | I13: CONTOH-O09 | J13: Petugas CONTOH | K13: Disetujui | M13: =IF(A13="","",IF(E13<>"Waste",0,IF(NOT(ISNUMBER(L13)),"ISI BIAYA WASTE",IF(K13="Disetujui",ROUND(F13*L13,0),0)))) -> 0
A14: CONTOH-P10 | B14: 46325.458 | C14: CONTOH-B10 | D14: =IF(C14="","",IF(COUNTIFS('MASTER BAHAN'!$A$5:$A$504,C14)=0,"BELUM ADA",INDEX('MASTER BAHAN'!$B$5:$B$504,MATCH(C14,'MASTER BAHAN'!$A$5:$A$504,0)))) -> Telur | E14: Pemakaian | F14: 10 | G14: =IF(C14="","",IF(COUNTIFS('MASTER BAHAN'!$A$5:$A$504,C14)=0,"BELUM ADA",INDEX('MASTER BAHAN'!$D$5:$D$504,MATCH(C14,'MASTER BAHAN'!$A$5:$A$504,0)))) -> pcs | H14: CONTOH - terpakai | I14: CONTOH-O10 | J14: Petugas CONTOH | K14: Disetujui | M14: =IF(A14="","",IF(E14<>"Waste",0,IF(NOT(ISNUMBER(L14)),"ISI BIAYA WASTE",IF(K14="Disetujui",ROUND(F14*L14,0),0)))) -> 0
D15: =IF(C15="","",IF(COUNTIFS('MASTER BAHAN'!$A$5:$A$504,C15)=0,"BELUM ADA",INDEX('MASTER BAHAN'!$B$5:$B$504,MATCH(C15,'MASTER BAHAN'!$A$5:$A$504,0)))) | G15: =IF(C15="","",IF(COUNTIFS('MASTER BAHAN'!$A$5:$A$504,C15)=0,"BELUM ADA",INDEX('MASTER BAHAN'!$D$5:$D$504,MATCH(C15,'MASTER BAHAN'!$A$5:$A$504,0)))) | M15: =IF(A15="","",IF(E15<>"Waste",0,IF(NOT(ISNUMBER(L15)),"ISI BIAYA WASTE",IF(K15="Disetujui",ROUND(F15*L15,0),0))))
D16: =IF(C16="","",IF(COUNTIFS('MASTER BAHAN'!$A$5:$A$504,C16)=0,"BELUM ADA",INDEX('MASTER BAHAN'!$B$5:$B$504,MATCH(C16,'MASTER BAHAN'!$A$5:$A$504,0)))) | G16: =IF(C16="","",IF(COUNTIFS('MASTER BAHAN'!$A$5:$A$504,C16)=0,"BELUM ADA",INDEX('MASTER BAHAN'!$D$5:$D$504,MATCH(C16,'MASTER BAHAN'!$A$5:$A$504,0)))) | M16: =IF(A16="","",IF(E16<>"Waste",0,IF(NOT(ISNUMBER(L16)),"ISI BIAYA WASTE",IF(K16="Disetujui",ROUND(F16*L16,0),0))))
D17: =IF(C17="","",IF(COUNTIFS('MASTER BAHAN'!$A$5:$A$504,C17)=0,"BELUM ADA",INDEX('MASTER BAHAN'!$B$5:$B$504,MATCH(C17,'MASTER BAHAN'!$A$5:$A$504,0)))) | G17: =IF(C17="","",IF(COUNTIFS('MASTER BAHAN'!$A$5:$A$504,C17)=0,"BELUM ADA",INDEX('MASTER BAHAN'!$D$5:$D$504,MATCH(C17,'MASTER BAHAN'!$A$5:$A$504,0)))) | M17: =IF(A17="","",IF(E17<>"Waste",0,IF(NOT(ISNUMBER(L17)),"ISI BIAYA WASTE",IF(K17="Disetujui",ROUND(F17*L17,0),0))))
D18: =IF(C18="","",IF(COUNTIFS('MASTER BAHAN'!$A$5:$A$504,C18)=0,"BELUM ADA",INDEX('MASTER BAHAN'!$B$5:$B$504,MATCH(C18,'MASTER BAHAN'!$A$5:$A$504,0)))) | G18: =IF(C18="","",IF(COUNTIFS('MASTER BAHAN'!$A$5:$A$504,C18)=0,"BELUM ADA",INDEX('MASTER BAHAN'!$D$5:$D$504,MATCH(C18,'MASTER BAHAN'!$A$5:$A$504,0)))) | M18: =IF(A18="","",IF(E18<>"Waste",0,IF(NOT(ISNUMBER(L18)),"ISI BIAYA WASTE",IF(K18="Disetujui",ROUND(F18*L18,0),0))))
D19: =IF(C19="","",IF(COUNTIFS('MASTER BAHAN'!$A$5:$A$504,C19)=0,"BELUM ADA",INDEX('MASTER BAHAN'!$B$5:$B$504,MATCH(C19,'MASTER BAHAN'!$A$5:$A$504,0)))) | G19: =IF(C19="","",IF(COUNTIFS('MASTER BAHAN'!$A$5:$A$504,C19)=0,"BELUM ADA",INDEX('MASTER BAHAN'!$D$5:$D$504,MATCH(C19,'MASTER BAHAN'!$A$5:$A$504,0)))) | M19: =IF(A19="","",IF(E19<>"Waste",0,IF(NOT(ISNUMBER(L19)),"ISI BIAYA WASTE",IF(K19="Disetujui",ROUND(F19*L19,0),0))))
D20: =IF(C20="","",IF(COUNTIFS('MASTER BAHAN'!$A$5:$A$504,C20)=0,"BELUM ADA",INDEX('MASTER BAHAN'!$B$5:$B$504,MATCH(C20,'MASTER BAHAN'!$A$5:$A$504,0)))) | G20: =IF(C20="","",IF(COUNTIFS('MASTER BAHAN'!$A$5:$A$504,C20)=0,"BELUM ADA",INDEX('MASTER BAHAN'!$D$5:$D$504,MATCH(C20,'MASTER BAHAN'!$A$5:$A$504,0)))) | M20: =IF(A20="","",IF(E20<>"Waste",0,IF(NOT(ISNUMBER(L20)),"ISI BIAYA WASTE",IF(K20="Disetujui",ROUND(F20*L20,0),0))))
D21: =IF(C21="","",IF(COUNTIFS('MASTER BAHAN'!$A$5:$A$504,C21)=0,"BELUM ADA",INDEX('MASTER BAHAN'!$B$5:$B$504,MATCH(C21,'MASTER BAHAN'!$A$5:$A$504,0)))) | G21: =IF(C21="","",IF(COUNTIFS('MASTER BAHAN'!$A$5:$A$504,C21)=0,"BELUM ADA",INDEX('MASTER BAHAN'!$D$5:$D$504,MATCH(C21,'MASTER BAHAN'!$A$5:$A$504,0)))) | M21: =IF(A21="","",IF(E21<>"Waste",0,IF(NOT(ISNUMBER(L21)),"ISI BIAYA WASTE",IF(K21="Disetujui",ROUND(F21*L21,0),0))))
D22: =IF(C22="","",IF(COUNTIFS('MASTER BAHAN'!$A$5:$A$504,C22)=0,"BELUM ADA",INDEX('MASTER BAHAN'!$B$5:$B$504,MATCH(C22,'MASTER BAHAN'!$A$5:$A$504,0)))) | G22: =IF(C22="","",IF(COUNTIFS('MASTER BAHAN'!$A$5:$A$504,C22)=0,"BELUM ADA",INDEX('MASTER BAHAN'!$D$5:$D$504,MATCH(C22,'MASTER BAHAN'!$A$5:$A$504,0)))) | M22: =IF(A22="","",IF(E22<>"Waste",0,IF(NOT(ISNUMBER(L22)),"ISI BIAYA WASTE",IF(K22="Disetujui",ROUND(F22*L22,0),0))))
D23: =IF(C23="","",IF(COUNTIFS('MASTER BAHAN'!$A$5:$A$504,C23)=0,"BELUM ADA",INDEX('MASTER BAHAN'!$B$5:$B$504,MATCH(C23,'MASTER BAHAN'!$A$5:$A$504,0)))) | G23: =IF(C23="","",IF(COUNTIFS('MASTER BAHAN'!$A$5:$A$504,C23)=0,"BELUM ADA",INDEX('MASTER BAHAN'!$D$5:$D$504,MATCH(C23,'MASTER BAHAN'!$A$5:$A$504,0)))) | M23: =IF(A23="","",IF(E23<>"Waste",0,IF(NOT(ISNUMBER(L23)),"ISI BIAYA WASTE",IF(K23="Disetujui",ROUND(F23*L23,0),0))))
D24: =IF(C24="","",IF(COUNTIFS('MASTER BAHAN'!$A$5:$A$504,C24)=0,"BELUM ADA",INDEX('MASTER BAHAN'!$B$5:$B$504,MATCH(C24,'MASTER BAHAN'!$A$5:$A$504,0)))) | G24: =IF(C24="","",IF(COUNTIFS('MASTER BAHAN'!$A$5:$A$504,C24)=0,"BELUM ADA",INDEX('MASTER BAHAN'!$D$5:$D$504,MATCH(C24,'MASTER BAHAN'!$A$5:$A$504,0)))) | M24: =IF(A24="","",IF(E24<>"Waste",0,IF(NOT(ISNUMBER(L24)),"ISI BIAYA WASTE",IF(K24="Disetujui",ROUND(F24*L24,0),0))))
D25: =IF(C25="","",IF(COUNTIFS('MASTER BAHAN'!$A$5:$A$504,C25)=0,"BELUM ADA",INDEX('MASTER BAHAN'!$B$5:$B$504,MATCH(C25,'MASTER BAHAN'!$A$5:$A$504,0)))) | G25: =IF(C25="","",IF(COUNTIFS('MASTER BAHAN'!$A$5:$A$504,C25)=0,"BELUM ADA",INDEX('MASTER BAHAN'!$D$5:$D$504,MATCH(C25,'MASTER BAHAN'!$A$5:$A$504,0)))) | M25: =IF(A25="","",IF(E25<>"Waste",0,IF(NOT(ISNUMBER(L25)),"ISI BIAYA WASTE",IF(K25="Disetujui",ROUND(F25*L25,0),0))))
D26: =IF(C26="","",IF(COUNTIFS('MASTER BAHAN'!$A$5:$A$504,C26)=0,"BELUM ADA",INDEX('MASTER BAHAN'!$B$5:$B$504,MATCH(C26,'MASTER BAHAN'!$A$5:$A$504,0)))) | G26: =IF(C26="","",IF(COUNTIFS('MASTER BAHAN'!$A$5:$A$504,C26)=0,"BELUM ADA",INDEX('MASTER BAHAN'!$D$5:$D$504,MATCH(C26,'MASTER BAHAN'!$A$5:$A$504,0)))) | M26: =IF(A26="","",IF(E26<>"Waste",0,IF(NOT(ISNUMBER(L26)),"ISI BIAYA WASTE",IF(K26="Disetujui",ROUND(F26*L26,0),0))))
... D504: =IF(C504="","",IF(COUNTIFS('MASTER BAHAN'!$A$5:$A$504,C504)=0,"BELUM ADA",INDEX('MASTER BAHAN'!$B$5:$B$504,MATCH(C504,'MASTER BAHAN'!$A$5:$A$504,0)))) | G504: =IF(C504="","",IF(COUNTIFS('MASTER BAHAN'!$A$5:$A$504,C504)=0,"BELUM ADA",INDEX('MASTER BAHAN'!$D$5:$D$504,MATCH(C504,'MASTER BAHAN'!$A$5:$A$504,0)))) | M504: =IF(A504="","",IF(E504<>"Waste",0,IF(NOT(ISNUMBER(L504)),"ISI BIAYA WASTE",IF(K504="Disetujui",ROUND(F504*L504,0),0))))

Sheet RINGKASAN STOK
A1: RINGKASAN STOK
A2: Ringkasan untuk semua ID pada MASTER BAHAN; nilai persediaan memakai biaya satuan saat ini.
A3: ISI MANUAL | B3: HASIL OTOMATIS | C3: ID CONTOH- = simulasi
A4: ID bahan | B4: Nama bahan | C4: Stok awal | D4: Stok masuk | E4: Pemakaian | F4: Waste | G4: Penyesuaian ± | H4: Stok akhir | I4: Stok minimum | J4: Status | K4: Nilai persediaan | L4: Retur
A5: =IF('MASTER BAHAN'!A5="","",'MASTER BAHAN'!A5) -> CONTOH-B01 | B5: =IF(A5="","",'MASTER BAHAN'!B5) -> Biji kopi | C5: =IF(A5="","",'MASTER BAHAN'!E5) -> 3000 | D5: =IF(A5="","",SUMIFS('STOK MASUK'!$G$5:$G$504,'STOK MASUK'!$E$5:$E$504,A5)) -> 100 | E5: =IF(A5="","",SUMIFS('PERGERAKAN STOK'!$F$5:$F$504,'PERGERAKAN STOK'!$C$5:$C$504,A5,'PERGERAKAN STOK'!$E$5:$E$504,"Pemakaian",'PERGERAKAN STOK'!$K$5:$K$504,"Disetujui")) -> 10 | F5: =IF(A5="","",SUMIFS('PERGERAKAN STOK'!$F$5:$F$504,'PERGERAKAN STOK'!$C$5:$C$504,A5,'PERGERAKAN STOK'!$E$5:$E$504,"Waste",'PERGERAKAN STOK'!$K$5:$K$504,"Disetujui")) -> 0 | G5: =IF(A5="","",SUMIFS('PERGERAKAN STOK'!$F$5:$F$504,'PERGERAKAN STOK'!$C$5:$C$504,A5,'PERGERAKAN STOK'!$E$5:$E$504,"Penyesuaian",'PERGERAKAN STOK'!$K$5:$K$504,"Disetujui")) -> 0 | H5: =IF(A5="","",C5+D5-E5-F5+G5-L5) -> 3090 | I5: =IF(A5="","",'MASTER BAHAN'!F5) -> 500 | J5: =IF(A5="","",IF(H5<=0,"Habis",IF(H5<=I5,"Menipis","Aman"))) -> Aman | K5: =IF(A5="","",IF(NOT(ISNUMBER('MASTER BAHAN'!I5)),"BELUM LENGKAP",ROUND(H5*'MASTER BAHAN'!I5,0))) -> 463500 | L5: =IF(A5="","",SUMIFS('PERGERAKAN STOK'!$F$5:$F$504,'PERGERAKAN STOK'!$C$5:$C$504,A5,'PERGERAKAN STOK'!$E$5:$E$504,"Retur",'PERGERAKAN STOK'!$K$5:$K$504,"Disetujui")) -> 0
A6: =IF('MASTER BAHAN'!A6="","",'MASTER BAHAN'!A6) -> CONTOH-B02 | B6: =IF(A6="","",'MASTER BAHAN'!B6) -> Susu UHT | C6: =IF(A6="","",'MASTER BAHAN'!E6) -> 8000 | D6: =IF(A6="","",SUMIFS('STOK MASUK'!$G$5:$G$504,'STOK MASUK'!$E$5:$E$504,A6)) -> 100 | E6: =IF(A6="","",SUMIFS('PERGERAKAN STOK'!$F$5:$F$504,'PERGERAKAN STOK'!$C$5:$C$504,A6,'PERGERAKAN STOK'!$E$5:$E$504,"Pemakaian",'PERGERAKAN STOK'!$K$5:$K$504,"Disetujui")) -> 0 | F6: =IF(A6="","",SUMIFS('PERGERAKAN STOK'!$F$5:$F$504,'PERGERAKAN STOK'!$C$5:$C$504,A6,'PERGERAKAN STOK'!$E$5:$E$504,"Waste",'PERGERAKAN STOK'!$K$5:$K$504,"Disetujui")) -> 20 | G6: =IF(A6="","",SUMIFS('PERGERAKAN STOK'!$F$5:$F$504,'PERGERAKAN STOK'!$C$5:$C$504,A6,'PERGERAKAN STOK'!$E$5:$E$504,"Penyesuaian",'PERGERAKAN STOK'!$K$5:$K$504,"Disetujui")) -> 0 | H6: =IF(A6="","",C6+D6-E6-F6+G6-L6) -> 8080 | I6: =IF(A6="","",'MASTER BAHAN'!F6) -> 2000 | J6: =IF(A6="","",IF(H6<=0,"Habis",IF(H6<=I6,"Menipis","Aman"))) -> Aman | K6: =IF(A6="","",IF(NOT(ISNUMBER('MASTER BAHAN'!I6)),"BELUM LENGKAP",ROUND(H6*'MASTER BAHAN'!I6,0))) -> 193920 | L6: =IF(A6="","",SUMIFS('PERGERAKAN STOK'!$F$5:$F$504,'PERGERAKAN STOK'!$C$5:$C$504,A6,'PERGERAKAN STOK'!$E$5:$E$504,"Retur",'PERGERAKAN STOK'!$K$5:$K$504,"Disetujui")) -> 0
A7: =IF('MASTER BAHAN'!A7="","",'MASTER BAHAN'!A7) -> CONTOH-B03 | B7: =IF(A7="","",'MASTER BAHAN'!B7) -> Gula aren | C7: =IF(A7="","",'MASTER BAHAN'!E7) -> 2000 | D7: =IF(A7="","",SUMIFS('STOK MASUK'!$G$5:$G$504,'STOK MASUK'!$E$5:$E$504,A7)) -> 100 | E7: =IF(A7="","",SUMIFS('PERGERAKAN STOK'!$F$5:$F$504,'PERGERAKAN STOK'!$C$5:$C$504,A7,'PERGERAKAN STOK'!$E$5:$E$504,"Pemakaian",'PERGERAKAN STOK'!$K$5:$K$504,"Disetujui")) -> 10 | F7: =IF(A7="","",SUMIFS('PERGERAKAN STOK'!$F$5:$F$504,'PERGERAKAN STOK'!$C$5:$C$504,A7,'PERGERAKAN STOK'!$E$5:$E$504,"Waste",'PERGERAKAN STOK'!$K$5:$K$504,"Disetujui")) -> 0 | G7: =IF(A7="","",SUMIFS('PERGERAKAN STOK'!$F$5:$F$504,'PERGERAKAN STOK'!$C$5:$C$504,A7,'PERGERAKAN STOK'!$E$5:$E$504,"Penyesuaian",'PERGERAKAN STOK'!$K$5:$K$504,"Disetujui")) -> 0 | H7: =IF(A7="","",C7+D7-E7-F7+G7-L7) -> 2090 | I7: =IF(A7="","",'MASTER BAHAN'!F7) -> 500 | J7: =IF(A7="","",IF(H7<=0,"Habis",IF(H7<=I7,"Menipis","Aman"))) -> Aman | K7: =IF(A7="","",IF(NOT(ISNUMBER('MASTER BAHAN'!I7)),"BELUM LENGKAP",ROUND(H7*'MASTER BAHAN'!I7,0))) -> 83600 | L7: =IF(A7="","",SUMIFS('PERGERAKAN STOK'!$F$5:$F$504,'PERGERAKAN STOK'!$C$5:$C$504,A7,'PERGERAKAN STOK'!$E$5:$E$504,"Retur",'PERGERAKAN STOK'!$K$5:$K$504,"Disetujui")) -> 0
A8: =IF('MASTER BAHAN'!A8="","",'MASTER BAHAN'!A8) -> CONTOH-B04 | B8: =IF(A8="","",'MASTER BAHAN'!B8) -> Air mineral | C8: =IF(A8="","",'MASTER BAHAN'!E8) -> 20000 | D8: =IF(A8="","",SUMIFS('STOK MASUK'!$G$5:$G$504,'STOK MASUK'!$E$5:$E$504,A8)) -> 100 | E8: =IF(A8="","",SUMIFS('PERGERAKAN STOK'!$F$5:$F$504,'PERGERAKAN STOK'!$C$5:$C$504,A8,'PERGERAKAN STOK'!$E$5:$E$504,"Pemakaian",'PERGERAKAN STOK'!$K$5:$K$504,"Disetujui")) -> 10 | F8: =IF(A8="","",SUMIFS('PERGERAKAN STOK'!$F$5:$F$504,'PERGERAKAN STOK'!$C$5:$C$504,A8,'PERGERAKAN STOK'!$E$5:$E$504,"Waste",'PERGERAKAN STOK'!$K$5:$K$504,"Disetujui")) -> 0 | G8: =IF(A8="","",SUMIFS('PERGERAKAN STOK'!$F$5:$F$504,'PERGERAKAN STOK'!$C$5:$C$504,A8,'PERGERAKAN STOK'!$E$5:$E$504,"Penyesuaian",'PERGERAKAN STOK'!$K$5:$K$504,"Disetujui")) -> 0 | H8: =IF(A8="","",C8+D8-E8-F8+G8-L8) -> 20090 | I8: =IF(A8="","",'MASTER BAHAN'!F8) -> 3000 | J8: =IF(A8="","",IF(H8<=0,"Habis",IF(H8<=I8,"Menipis","Aman"))) -> Aman | K8: =IF(A8="","",IF(NOT(ISNUMBER('MASTER BAHAN'!I8)),"BELUM LENGKAP",ROUND(H8*'MASTER BAHAN'!I8,0))) -> 16072 | L8: =IF(A8="","",SUMIFS('PERGERAKAN STOK'!$F$5:$F$504,'PERGERAKAN STOK'!$C$5:$C$504,A8,'PERGERAKAN STOK'!$E$5:$E$504,"Retur",'PERGERAKAN STOK'!$K$5:$K$504,"Disetujui")) -> 0
A9: =IF('MASTER BAHAN'!A9="","",'MASTER BAHAN'!A9) -> CONTOH-B05 | B9: =IF(A9="","",'MASTER BAHAN'!B9) -> Bubuk matcha | C9: =IF(A9="","",'MASTER BAHAN'!E9) -> 500 | D9: =IF(A9="","",SUMIFS('STOK MASUK'!$G$5:$G$504,'STOK MASUK'!$E$5:$E$504,A9)) -> 100 | E9: =IF(A9="","",SUMIFS('PERGERAKAN STOK'!$F$5:$F$504,'PERGERAKAN STOK'!$C$5:$C$504,A9,'PERGERAKAN STOK'!$E$5:$E$504,"Pemakaian",'PERGERAKAN STOK'!$K$5:$K$504,"Disetujui")) -> 10 | F9: =IF(A9="","",SUMIFS('PERGERAKAN STOK'!$F$5:$F$504,'PERGERAKAN STOK'!$C$5:$C$504,A9,'PERGERAKAN STOK'!$E$5:$E$504,"Waste",'PERGERAKAN STOK'!$K$5:$K$504,"Disetujui")) -> 0 | G9: =IF(A9="","",SUMIFS('PERGERAKAN STOK'!$F$5:$F$504,'PERGERAKAN STOK'!$C$5:$C$504,A9,'PERGERAKAN STOK'!$E$5:$E$504,"Penyesuaian",'PERGERAKAN STOK'!$K$5:$K$504,"Disetujui")) -> 0 | H9: =IF(A9="","",C9+D9-E9-F9+G9-L9) -> 590 | I9: =IF(A9="","",'MASTER BAHAN'!F9) -> 100 | J9: =IF(A9="","",IF(H9<=0,"Habis",IF(H9<=I9,"Menipis","Aman"))) -> Aman | K9: =IF(A9="","",IF(NOT(ISNUMBER('MASTER BAHAN'!I9)),"BELUM LENGKAP",ROUND(H9*'MASTER BAHAN'!I9,0))) -> 129800 | L9: =IF(A9="","",SUMIFS('PERGERAKAN STOK'!$F$5:$F$504,'PERGERAKAN STOK'!$C$5:$C$504,A9,'PERGERAKAN STOK'!$E$5:$E$504,"Retur",'PERGERAKAN STOK'!$K$5:$K$504,"Disetujui")) -> 0
A10: =IF('MASTER BAHAN'!A10="","",'MASTER BAHAN'!A10) -> CONTOH-B06 | B10: =IF(A10="","",'MASTER BAHAN'!B10) -> Teh celup | C10: =IF(A10="","",'MASTER BAHAN'!E10) -> 120 | D10: =IF(A10="","",SUMIFS('STOK MASUK'!$G$5:$G$504,'STOK MASUK'!$E$5:$E$504,A10)) -> 100 | E10: =IF(A10="","",SUMIFS('PERGERAKAN STOK'!$F$5:$F$504,'PERGERAKAN STOK'!$C$5:$C$504,A10,'PERGERAKAN STOK'!$E$5:$E$504,"Pemakaian",'PERGERAKAN STOK'!$K$5:$K$504,"Disetujui")) -> 10 | F10: =IF(A10="","",SUMIFS('PERGERAKAN STOK'!$F$5:$F$504,'PERGERAKAN STOK'!$C$5:$C$504,A10,'PERGERAKAN STOK'!$E$5:$E$504,"Waste",'PERGERAKAN STOK'!$K$5:$K$504,"Disetujui")) -> 0 | G10: =IF(A10="","",SUMIFS('PERGERAKAN STOK'!$F$5:$F$504,'PERGERAKAN STOK'!$C$5:$C$504,A10,'PERGERAKAN STOK'!$E$5:$E$504,"Penyesuaian",'PERGERAKAN STOK'!$K$5:$K$504,"Disetujui")) -> 0 | H10: =IF(A10="","",C10+D10-E10-F10+G10-L10) -> 210 | I10: =IF(A10="","",'MASTER BAHAN'!F10) -> 20 | J10: =IF(A10="","",IF(H10<=0,"Habis",IF(H10<=I10,"Menipis","Aman"))) -> Aman | K10: =IF(A10="","",IF(NOT(ISNUMBER('MASTER BAHAN'!I10)),"BELUM LENGKAP",ROUND(H10*'MASTER BAHAN'!I10,0))) -> 84000 | L10: =IF(A10="","",SUMIFS('PERGERAKAN STOK'!$F$5:$F$504,'PERGERAKAN STOK'!$C$5:$C$504,A10,'PERGERAKAN STOK'!$E$5:$E$504,"Retur",'PERGERAKAN STOK'!$K$5:$K$504,"Disetujui")) -> 0
A11: =IF('MASTER BAHAN'!A11="","",'MASTER BAHAN'!A11) -> CONTOH-B07 | B11: =IF(A11="","",'MASTER BAHAN'!B11) -> Lemon | C11: =IF(A11="","",'MASTER BAHAN'!E11) -> 1500 | D11: =IF(A11="","",SUMIFS('STOK MASUK'!$G$5:$G$504,'STOK MASUK'!$E$5:$E$504,A11)) -> 100 | E11: =IF(A11="","",SUMIFS('PERGERAKAN STOK'!$F$5:$F$504,'PERGERAKAN STOK'!$C$5:$C$504,A11,'PERGERAKAN STOK'!$E$5:$E$504,"Pemakaian",'PERGERAKAN STOK'!$K$5:$K$504,"Disetujui")) -> 10 | F11: =IF(A11="","",SUMIFS('PERGERAKAN STOK'!$F$5:$F$504,'PERGERAKAN STOK'!$C$5:$C$504,A11,'PERGERAKAN STOK'!$E$5:$E$504,"Waste",'PERGERAKAN STOK'!$K$5:$K$504,"Disetujui")) -> 0 | G11: =IF(A11="","",SUMIFS('PERGERAKAN STOK'!$F$5:$F$504,'PERGERAKAN STOK'!$C$5:$C$504,A11,'PERGERAKAN STOK'!$E$5:$E$504,"Penyesuaian",'PERGERAKAN STOK'!$K$5:$K$504,"Disetujui")) -> 0 | H11: =IF(A11="","",C11+D11-E11-F11+G11-L11) -> 1590 | I11: =IF(A11="","",'MASTER BAHAN'!F11) -> 200 | J11: =IF(A11="","",IF(H11<=0,"Habis",IF(H11<=I11,"Menipis","Aman"))) -> Aman | K11: =IF(A11="","",IF(NOT(ISNUMBER('MASTER BAHAN'!I11)),"BELUM LENGKAP",ROUND(H11*'MASTER BAHAN'!I11,0))) -> 47700 | L11: =IF(A11="","",SUMIFS('PERGERAKAN STOK'!$F$5:$F$504,'PERGERAKAN STOK'!$C$5:$C$504,A11,'PERGERAKAN STOK'!$E$5:$E$504,"Retur",'PERGERAKAN STOK'!$K$5:$K$504,"Disetujui")) -> 0
A12: =IF('MASTER BAHAN'!A12="","",'MASTER BAHAN'!A12) -> CONTOH-B08 | B12: =IF(A12="","",'MASTER BAHAN'!B12) -> Croissant beku | C12: =IF(A12="","",'MASTER BAHAN'!E12) -> 30 | D12: =IF(A12="","",SUMIFS('STOK MASUK'!$G$5:$G$504,'STOK MASUK'!$E$5:$E$504,A12)) -> 100 | E12: =IF(A12="","",SUMIFS('PERGERAKAN STOK'!$F$5:$F$504,'PERGERAKAN STOK'!$C$5:$C$504,A12,'PERGERAKAN STOK'!$E$5:$E$504,"Pemakaian",'PERGERAKAN STOK'!$K$5:$K$504,"Disetujui")) -> 10 | F12: =IF(A12="","",SUMIFS('PERGERAKAN STOK'!$F$5:$F$504,'PERGERAKAN STOK'!$C$5:$C$504,A12,'PERGERAKAN STOK'!$E$5:$E$504,"Waste",'PERGERAKAN STOK'!$K$5:$K$504,"Disetujui")) -> 0 | G12: =IF(A12="","",SUMIFS('PERGERAKAN STOK'!$F$5:$F$504,'PERGERAKAN STOK'!$C$5:$C$504,A12,'PERGERAKAN STOK'!$E$5:$E$504,"Penyesuaian",'PERGERAKAN STOK'!$K$5:$K$504,"Disetujui")) -> 0 | H12: =IF(A12="","",C12+D12-E12-F12+G12-L12) -> 120 | I12: =IF(A12="","",'MASTER BAHAN'!F12) -> 8 | J12: =IF(A12="","",IF(H12<=0,"Habis",IF(H12<=I12,"Menipis","Aman"))) -> Aman | K12: =IF(A12="","",IF(NOT(ISNUMBER('MASTER BAHAN'!I12)),"BELUM LENGKAP",ROUND(H12*'MASTER BAHAN'!I12,0))) -> 900000 | L12: =IF(A12="","",SUMIFS('PERGERAKAN STOK'!$F$5:$F$504,'PERGERAKAN STOK'!$C$5:$C$504,A12,'PERGERAKAN STOK'!$E$5:$E$504,"Retur",'PERGERAKAN STOK'!$K$5:$K$504,"Disetujui")) -> 0
A13: =IF('MASTER BAHAN'!A13="","",'MASTER BAHAN'!A13) -> CONTOH-B09 | B13: =IF(A13="","",'MASTER BAHAN'!B13) -> Beras | C13: =IF(A13="","",'MASTER BAHAN'!E13) -> 5000 | D13: =IF(A13="","",SUMIFS('STOK MASUK'!$G$5:$G$504,'STOK MASUK'!$E$5:$E$504,A13)) -> 100 | E13: =IF(A13="","",SUMIFS('PERGERAKAN STOK'!$F$5:$F$504,'PERGERAKAN STOK'!$C$5:$C$504,A13,'PERGERAKAN STOK'!$E$5:$E$504,"Pemakaian",'PERGERAKAN STOK'!$K$5:$K$504,"Disetujui")) -> 10 | F13: =IF(A13="","",SUMIFS('PERGERAKAN STOK'!$F$5:$F$504,'PERGERAKAN STOK'!$C$5:$C$504,A13,'PERGERAKAN STOK'!$E$5:$E$504,"Waste",'PERGERAKAN STOK'!$K$5:$K$504,"Disetujui")) -> 0 | G13: =IF(A13="","",SUMIFS('PERGERAKAN STOK'!$F$5:$F$504,'PERGERAKAN STOK'!$C$5:$C$504,A13,'PERGERAKAN STOK'!$E$5:$E$504,"Penyesuaian",'PERGERAKAN STOK'!$K$5:$K$504,"Disetujui")) -> 0 | H13: =IF(A13="","",C13+D13-E13-F13+G13-L13) -> 5090 | I13: =IF(A13="","",'MASTER BAHAN'!F13) -> 1000 | J13: =IF(A13="","",IF(H13<=0,"Habis",IF(H13<=I13,"Menipis","Aman"))) -> Aman | K13: =IF(A13="","",IF(NOT(ISNUMBER('MASTER BAHAN'!I13)),"BELUM LENGKAP",ROUND(H13*'MASTER BAHAN'!I13,0))) -> 86530 | L13: =IF(A13="","",SUMIFS('PERGERAKAN STOK'!$F$5:$F$504,'PERGERAKAN STOK'!$C$5:$C$504,A13,'PERGERAKAN STOK'!$E$5:$E$504,"Retur",'PERGERAKAN STOK'!$K$5:$K$504,"Disetujui")) -> 0
A14: =IF('MASTER BAHAN'!A14="","",'MASTER BAHAN'!A14) -> CONTOH-B10 | B14: =IF(A14="","",'MASTER BAHAN'!B14) -> Telur | C14: =IF(A14="","",'MASTER BAHAN'!E14) -> 80 | D14: =IF(A14="","",SUMIFS('STOK MASUK'!$G$5:$G$504,'STOK MASUK'!$E$5:$E$504,A14)) -> 100 | E14: =IF(A14="","",SUMIFS('PERGERAKAN STOK'!$F$5:$F$504,'PERGERAKAN STOK'!$C$5:$C$504,A14,'PERGERAKAN STOK'!$E$5:$E$504,"Pemakaian",'PERGERAKAN STOK'!$K$5:$K$504,"Disetujui")) -> 10 | F14: =IF(A14="","",SUMIFS('PERGERAKAN STOK'!$F$5:$F$504,'PERGERAKAN STOK'!$C$5:$C$504,A14,'PERGERAKAN STOK'!$E$5:$E$504,"Waste",'PERGERAKAN STOK'!$K$5:$K$504,"Disetujui")) -> 0 | G14: =IF(A14="","",SUMIFS('PERGERAKAN STOK'!$F$5:$F$504,'PERGERAKAN STOK'!$C$5:$C$504,A14,'PERGERAKAN STOK'!$E$5:$E$504,"Penyesuaian",'PERGERAKAN STOK'!$K$5:$K$504,"Disetujui")) -> 0 | H14: =IF(A14="","",C14+D14-E14-F14+G14-L14) -> 170 | I14: =IF(A14="","",'MASTER BAHAN'!F14) -> 15 | J14: =IF(A14="","",IF(H14<=0,"Habis",IF(H14<=I14,"Menipis","Aman"))) -> Aman | K14: =IF(A14="","",IF(NOT(ISNUMBER('MASTER BAHAN'!I14)),"BELUM LENGKAP",ROUND(H14*'MASTER BAHAN'!I14,0))) -> 170000 | L14: =IF(A14="","",SUMIFS('PERGERAKAN STOK'!$F$5:$F$504,'PERGERAKAN STOK'!$C$5:$C$504,A14,'PERGERAKAN STOK'!$E$5:$E$504,"Retur",'PERGERAKAN STOK'!$K$5:$K$504,"Disetujui")) -> 0
A15: =IF('MASTER BAHAN'!A15="","",'MASTER BAHAN'!A15) -> CONTOH-B11 | B15: =IF(A15="","",'MASTER BAHAN'!B15) -> Kentang beku | C15: =IF(A15="","",'MASTER BAHAN'!E15) -> 3000 | D15: =IF(A15="","",SUMIFS('STOK MASUK'!$G$5:$G$504,'STOK MASUK'!$E$5:$E$504,A15)) -> 0 | E15: =IF(A15="","",SUMIFS('PERGERAKAN STOK'!$F$5:$F$504,'PERGERAKAN STOK'!$C$5:$C$504,A15,'PERGERAKAN STOK'!$E$5:$E$504,"Pemakaian",'PERGERAKAN STOK'!$K$5:$K$504,"Disetujui")) -> 0 | F15: =IF(A15="","",SUMIFS('PERGERAKAN STOK'!$F$5:$F$504,'PERGERAKAN STOK'!$C$5:$C$504,A15,'PERGERAKAN STOK'!$E$5:$E$504,"Waste",'PERGERAKAN STOK'!$K$5:$K$504,"Disetujui")) -> 0 | G15: =IF(A15="","",SUMIFS('PERGERAKAN STOK'!$F$5:$F$504,'PERGERAKAN STOK'!$C$5:$C$504,A15,'PERGERAKAN STOK'!$E$5:$E$504,"Penyesuaian",'PERGERAKAN STOK'!$K$5:$K$504,"Disetujui")) -> 0 | H15: =IF(A15="","",C15+D15-E15-F15+G15-L15) -> 3000 | I15: =IF(A15="","",'MASTER BAHAN'!F15) -> 500 | J15: =IF(A15="","",IF(H15<=0,"Habis",IF(H15<=I15,"Menipis","Aman"))) -> Aman | K15: =IF(A15="","",IF(NOT(ISNUMBER('MASTER BAHAN'!I15)),"BELUM LENGKAP",ROUND(H15*'MASTER BAHAN'!I15,0))) -> 150000 | L15: =IF(A15="","",SUMIFS('PERGERAKAN STOK'!$F$5:$F$504,'PERGERAKAN STOK'!$C$5:$C$504,A15,'PERGERAKAN STOK'!$E$5:$E$504,"Retur",'PERGERAKAN STOK'!$K$5:$K$504,"Disetujui")) -> 0
A16: =IF('MASTER BAHAN'!A16="","",'MASTER BAHAN'!A16) -> CONTOH-B12 | B16: =IF(A16="","",'MASTER BAHAN'!B16) -> Roti | C16: =IF(A16="","",'MASTER BAHAN'!E16) -> 35 | D16: =IF(A16="","",SUMIFS('STOK MASUK'!$G$5:$G$504,'STOK MASUK'!$E$5:$E$504,A16)) -> 0 | E16: =IF(A16="","",SUMIFS('PERGERAKAN STOK'!$F$5:$F$504,'PERGERAKAN STOK'!$C$5:$C$504,A16,'PERGERAKAN STOK'!$E$5:$E$504,"Pemakaian",'PERGERAKAN STOK'!$K$5:$K$504,"Disetujui")) -> 0 | F16: =IF(A16="","",SUMIFS('PERGERAKAN STOK'!$F$5:$F$504,'PERGERAKAN STOK'!$C$5:$C$504,A16,'PERGERAKAN STOK'!$E$5:$E$504,"Waste",'PERGERAKAN STOK'!$K$5:$K$504,"Disetujui")) -> 0 | G16: =IF(A16="","",SUMIFS('PERGERAKAN STOK'!$F$5:$F$504,'PERGERAKAN STOK'!$C$5:$C$504,A16,'PERGERAKAN STOK'!$E$5:$E$504,"Penyesuaian",'PERGERAKAN STOK'!$K$5:$K$504,"Disetujui")) -> 0 | H16: =IF(A16="","",C16+D16-E16-F16+G16-L16) -> 35 | I16: =IF(A16="","",'MASTER BAHAN'!F16) -> 10 | J16: =IF(A16="","",IF(H16<=0,"Habis",IF(H16<=I16,"Menipis","Aman"))) -> Aman | K16: =IF(A16="","",IF(NOT(ISNUMBER('MASTER BAHAN'!I16)),"BELUM LENGKAP",ROUND(H16*'MASTER BAHAN'!I16,0))) -> 87500 | L16: =IF(A16="","",SUMIFS('PERGERAKAN STOK'!$F$5:$F$504,'PERGERAKAN STOK'!$C$5:$C$504,A16,'PERGERAKAN STOK'!$E$5:$E$504,"Retur",'PERGERAKAN STOK'!$K$5:$K$504,"Disetujui")) -> 0
... A64: =IF('MASTER BAHAN'!A64="","",'MASTER BAHAN'!A64) | B64: =IF(A64="","",'MASTER BAHAN'!B64) | C64: =IF(A64="","",'MASTER BAHAN'!E64) | D64: =IF(A64="","",SUMIFS('STOK MASUK'!$G$5:$G$504,'STOK MASUK'!$E$5:$E$504,A64)) | E64: =IF(A64="","",SUMIFS('PERGERAKAN STOK'!$F$5:$F$504,'PERGERAKAN STOK'!$C$5:$C$504,A64,'PERGERAKAN STOK'!$E$5:$E$504,"Pemakaian",'PERGERAKAN STOK'!$K$5:$K$504,"Disetujui")) | F64: =IF(A64="","",SUMIFS('PERGERAKAN STOK'!$F$5:$F$504,'PERGERAKAN STOK'!$C$5:$C$504,A64,'PERGERAKAN STOK'!$E$5:$E$504,"Waste",'PERGERAKAN STOK'!$K$5:$K$504,"Disetujui")) | G64: =IF(A64="","",SUMIFS('PERGERAKAN STOK'!$F$5:$F$504,'PERGERAKAN STOK'!$C$5:$C$504,A64,'PERGERAKAN STOK'!$E$5:$E$504,"Penyesuaian",'PERGERAKAN STOK'!$K$5:$K$504,"Disetujui")) | H64: =IF(A64="","",C64+D64-E64-F64+G64-L64) | I64: =IF(A64="","",'MASTER BAHAN'!F64) | J64: =IF(A64="","",IF(H64<=0,"Habis",IF(H64<=I64,"Menipis","Aman"))) | K64: =IF(A64="","",IF(NOT(ISNUMBER('MASTER BAHAN'!I64)),"BELUM LENGKAP",ROUND(H64*'MASTER BAHAN'!I64,0))) | L64: =IF(A64="","",SUMIFS('PERGERAKAN STOK'!$F$5:$F$504,'PERGERAKAN STOK'!$C$5:$C$504,A64,'PERGERAKAN STOK'!$E$5:$E$504,"Retur",'PERGERAKAN STOK'!$K$5:$K$504,"Disetujui"))

Sheet TRANSAKSI PENJUALAN
A1: TRANSAKSI PENJUALAN
A2: Satu baris per pesanan; subtotal dari detail, refund hanya yang Berhasil. Cek alokasi harus OK.
A3: ISI MANUAL | B3: HASIL OTOMATIS | C3: ID CONTOH- = simulasi
A4: Nomor pesanan | B4: Tanggal WIB | C4: Waktu WIB | D4: Shift | E4: Kasir | F4: Jenis pesanan | G4: Meja / pelanggan | H4: Subtotal | I4: Diskon | J4: Refund berhasil | K4: Penjualan bersih | L4: Metode pembayaran | M4: Status pembayaran | N4: Status pesanan | O4: Cek alokasi
A5: CONTOH-O01 | B5: 46325 | C5: 0.33333333 | D5: Pagi | E5: Kasir CONTOH | F5: Takeaway | G5: Pelanggan CONTOH | H5: =IF(A5="","",SUMIFS('DETAIL TRANSAKSI'!$G$5:$G$504,'DETAIL TRANSAKSI'!$A$5:$A$504,A5)) -> 28000 | I5: 0 | J5: =IF(A5="","",SUMIFS('REFUND DAN PEMBATALAN'!$E$5:$E$504,'REFUND DAN PEMBATALAN'!$B$5:$B$504,A5,'REFUND DAN PEMBATALAN'!$I$5:$I$504,"Berhasil")) -> 0 | K5: =IF(A5="","",H5-I5-J5) -> 28000 | L5: Tunai | M5: Lunas | N5: Selesai | O5: =IF(A5="","",IF(AND(I5=SUMIFS('DETAIL TRANSAKSI'!$H$5:$H$504,'DETAIL TRANSAKSI'!$A$5:$A$504,A5),J5=SUMIFS('DETAIL TRANSAKSI'!$I$5:$I$504,'DETAIL TRANSAKSI'!$A$5:$A$504,A5)),"OK","CEK ALOKASI")) -> OK
A6: CONTOH-O02 | B6: 46325 | C6: 0.375 | D6: Pagi | E6: Kasir CONTOH | F6: Dine-in | G6: Meja 2 | H6: =IF(A6="","",SUMIFS('DETAIL TRANSAKSI'!$G$5:$G$504,'DETAIL TRANSAKSI'!$A$5:$A$504,A6)) -> 25000 | I6: 0 | J6: =IF(A6="","",SUMIFS('REFUND DAN PEMBATALAN'!$E$5:$E$504,'REFUND DAN PEMBATALAN'!$B$5:$B$504,A6,'REFUND DAN PEMBATALAN'!$I$5:$I$504,"Berhasil")) -> 0 | K6: =IF(A6="","",H6-I6-J6) -> 25000 | L6: QRIS | M6: Lunas | N6: Selesai | O6: =IF(A6="","",IF(AND(I6=SUMIFS('DETAIL TRANSAKSI'!$H$5:$H$504,'DETAIL TRANSAKSI'!$A$5:$A$504,A6),J6=SUMIFS('DETAIL TRANSAKSI'!$I$5:$I$504,'DETAIL TRANSAKSI'!$A$5:$A$504,A6)),"OK","CEK ALOKASI")) -> OK
A7: CONTOH-O03 | B7: 46325 | C7: 0.41666667 | D7: Pagi | E7: Kasir CONTOH | F7: Dine-in | G7: Meja 3 | H7: =IF(A7="","",SUMIFS('DETAIL TRANSAKSI'!$G$5:$G$504,'DETAIL TRANSAKSI'!$A$5:$A$504,A7)) -> 32000 | I7: 2000 | J7: =IF(A7="","",SUMIFS('REFUND DAN PEMBATALAN'!$E$5:$E$504,'REFUND DAN PEMBATALAN'!$B$5:$B$504,A7,'REFUND DAN PEMBATALAN'!$I$5:$I$504,"Berhasil")) -> 0 | K7: =IF(A7="","",H7-I7-J7) -> 30000 | L7: Debit | M7: Lunas | N7: Selesai | O7: =IF(A7="","",IF(AND(I7=SUMIFS('DETAIL TRANSAKSI'!$H$5:$H$504,'DETAIL TRANSAKSI'!$A$5:$A$504,A7),J7=SUMIFS('DETAIL TRANSAKSI'!$I$5:$I$504,'DETAIL TRANSAKSI'!$A$5:$A$504,A7)),"OK","CEK ALOKASI")) -> OK
A8: CONTOH-O04 | B8: 46325 | C8: 0.45833333 | D8: Pagi | E8: Kasir CONTOH | F8: Takeaway | G8: Pelanggan CONTOH | H8: =IF(A8="","",SUMIFS('DETAIL TRANSAKSI'!$G$5:$G$504,'DETAIL TRANSAKSI'!$A$5:$A$504,A8)) -> 33000 | I8: 0 | J8: =IF(A8="","",SUMIFS('REFUND DAN PEMBATALAN'!$E$5:$E$504,'REFUND DAN PEMBATALAN'!$B$5:$B$504,A8,'REFUND DAN PEMBATALAN'!$I$5:$I$504,"Berhasil")) -> 5000 | K8: =IF(A8="","",H8-I8-J8) -> 28000 | L8: Tunai | M8: Lunas | N8: Selesai | O8: =IF(A8="","",IF(AND(I8=SUMIFS('DETAIL TRANSAKSI'!$H$5:$H$504,'DETAIL TRANSAKSI'!$A$5:$A$504,A8),J8=SUMIFS('DETAIL TRANSAKSI'!$I$5:$I$504,'DETAIL TRANSAKSI'!$A$5:$A$504,A8)),"OK","CEK ALOKASI")) -> OK
A9: CONTOH-O05 | B9: 46325 | C9: 0.5 | D9: Pagi | E9: Kasir CONTOH | F9: Dine-in | G9: Meja 5 | H9: =IF(A9="","",SUMIFS('DETAIL TRANSAKSI'!$G$5:$G$504,'DETAIL TRANSAKSI'!$A$5:$A$504,A9)) -> 22000 | I9: 0 | J9: =IF(A9="","",SUMIFS('REFUND DAN PEMBATALAN'!$E$5:$E$504,'REFUND DAN PEMBATALAN'!$B$5:$B$504,A9,'REFUND DAN PEMBATALAN'!$I$5:$I$504,"Berhasil")) -> 0 | K9: =IF(A9="","",H9-I9-J9) -> 22000 | L9: QRIS | M9: Lunas | N9: Selesai | O9: =IF(A9="","",IF(AND(I9=SUMIFS('DETAIL TRANSAKSI'!$H$5:$H$504,'DETAIL TRANSAKSI'!$A$5:$A$504,A9),J9=SUMIFS('DETAIL TRANSAKSI'!$I$5:$I$504,'DETAIL TRANSAKSI'!$A$5:$A$504,A9)),"OK","CEK ALOKASI")) -> OK
A10: CONTOH-O06 | B10: 46325 | C10: 0.54166667 | D10: Pagi | E10: Kasir CONTOH | F10: Dine-in | G10: Meja 6 | H10: =IF(A10="","",SUMIFS('DETAIL TRANSAKSI'!$G$5:$G$504,'DETAIL TRANSAKSI'!$A$5:$A$504,A10)) -> 27000 | I10: 0 | J10: =IF(A10="","",SUMIFS('REFUND DAN PEMBATALAN'!$E$5:$E$504,'REFUND DAN PEMBATALAN'!$B$5:$B$504,A10,'REFUND DAN PEMBATALAN'!$I$5:$I$504,"Berhasil")) -> 0 | K10: =IF(A10="","",H10-I10-J10) -> 27000 | L10: Debit | M10: Lunas | N10: Selesai | O10: =IF(A10="","",IF(AND(I10=SUMIFS('DETAIL TRANSAKSI'!$H$5:$H$504,'DETAIL TRANSAKSI'!$A$5:$A$504,A10),J10=SUMIFS('DETAIL TRANSAKSI'!$I$5:$I$504,'DETAIL TRANSAKSI'!$A$5:$A$504,A10)),"OK","CEK ALOKASI")) -> OK
A11: CONTOH-O07 | B11: 46325 | C11: 0.58333333 | D11: Pagi | E11: Kasir CONTOH | F11: Takeaway | G11: Pelanggan CONTOH | H11: =IF(A11="","",SUMIFS('DETAIL TRANSAKSI'!$G$5:$G$504,'DETAIL TRANSAKSI'!$A$5:$A$504,A11)) -> 42000 | I11: 0 | J11: =IF(A11="","",SUMIFS('REFUND DAN PEMBATALAN'!$E$5:$E$504,'REFUND DAN PEMBATALAN'!$B$5:$B$504,A11,'REFUND DAN PEMBATALAN'!$I$5:$I$504,"Berhasil")) -> 0 | K11: =IF(A11="","",H11-I11-J11) -> 42000 | L11: Tunai | M11: Lunas | N11: Selesai | O11: =IF(A11="","",IF(AND(I11=SUMIFS('DETAIL TRANSAKSI'!$H$5:$H$504,'DETAIL TRANSAKSI'!$A$5:$A$504,A11),J11=SUMIFS('DETAIL TRANSAKSI'!$I$5:$I$504,'DETAIL TRANSAKSI'!$A$5:$A$504,A11)),"OK","CEK ALOKASI")) -> OK
A12: CONTOH-O08 | B12: 46325 | C12: 0.625 | D12: Pagi | E12: Kasir CONTOH | F12: Dine-in | G12: Meja 8 | H12: =IF(A12="","",SUMIFS('DETAIL TRANSAKSI'!$G$5:$G$504,'DETAIL TRANSAKSI'!$A$5:$A$504,A12)) -> 26000 | I12: 0 | J12: =IF(A12="","",SUMIFS('REFUND DAN PEMBATALAN'!$E$5:$E$504,'REFUND DAN PEMBATALAN'!$B$5:$B$504,A12,'REFUND DAN PEMBATALAN'!$I$5:$I$504,"Berhasil")) -> 0 | K12: =IF(A12="","",H12-I12-J12) -> 26000 | L12: QRIS | M12: Lunas | N12: Selesai | O12: =IF(A12="","",IF(AND(I12=SUMIFS('DETAIL TRANSAKSI'!$H$5:$H$504,'DETAIL TRANSAKSI'!$A$5:$A$504,A12),J12=SUMIFS('DETAIL TRANSAKSI'!$I$5:$I$504,'DETAIL TRANSAKSI'!$A$5:$A$504,A12)),"OK","CEK ALOKASI")) -> OK
A13: CONTOH-O09 | B13: 46325 | C13: 0.66666667 | D13: Pagi | E13: Kasir CONTOH | F13: Dine-in | G13: Meja 9 | H13: =IF(A13="","",SUMIFS('DETAIL TRANSAKSI'!$G$5:$G$504,'DETAIL TRANSAKSI'!$A$5:$A$504,A13)) -> 20000 | I13: 0 | J13: =IF(A13="","",SUMIFS('REFUND DAN PEMBATALAN'!$E$5:$E$504,'REFUND DAN PEMBATALAN'!$B$5:$B$504,A13,'REFUND DAN PEMBATALAN'!$I$5:$I$504,"Berhasil")) -> 0 | K13: =IF(A13="","",H13-I13-J13) -> 20000 | L13: Debit | M13: Lunas | N13: Selesai | O13: =IF(A13="","",IF(AND(I13=SUMIFS('DETAIL TRANSAKSI'!$H$5:$H$504,'DETAIL TRANSAKSI'!$A$5:$A$504,A13),J13=SUMIFS('DETAIL TRANSAKSI'!$I$5:$I$504,'DETAIL TRANSAKSI'!$A$5:$A$504,A13)),"OK","CEK ALOKASI")) -> OK
A14: CONTOH-O10 | B14: 46325 | C14: 0.70833333 | D14: Pagi | E14: Kasir CONTOH | F14: Takeaway | G14: Pelanggan CONTOH | H14: =IF(A14="","",SUMIFS('DETAIL TRANSAKSI'!$G$5:$G$504,'DETAIL TRANSAKSI'!$A$5:$A$504,A14)) -> 24000 | I14: 0 | J14: =IF(A14="","",SUMIFS('REFUND DAN PEMBATALAN'!$E$5:$E$504,'REFUND DAN PEMBATALAN'!$B$5:$B$504,A14,'REFUND DAN PEMBATALAN'!$I$5:$I$504,"Berhasil")) -> 0 | K14: =IF(A14="","",H14-I14-J14) -> 24000 | L14: Tunai | M14: Lunas | N14: Selesai | O14: =IF(A14="","",IF(AND(I14=SUMIFS('DETAIL TRANSAKSI'!$H$5:$H$504,'DETAIL TRANSAKSI'!$A$5:$A$504,A14),J14=SUMIFS('DETAIL TRANSAKSI'!$I$5:$I$504,'DETAIL TRANSAKSI'!$A$5:$A$504,A14)),"OK","CEK ALOKASI")) -> OK
H15: =IF(A15="","",SUMIFS('DETAIL TRANSAKSI'!$G$5:$G$504,'DETAIL TRANSAKSI'!$A$5:$A$504,A15)) | J15: =IF(A15="","",SUMIFS('REFUND DAN PEMBATALAN'!$E$5:$E$504,'REFUND DAN PEMBATALAN'!$B$5:$B$504,A15,'REFUND DAN PEMBATALAN'!$I$5:$I$504,"Berhasil")) | K15: =IF(A15="","",H15-I15-J15) | O15: =IF(A15="","",IF(AND(I15=SUMIFS('DETAIL TRANSAKSI'!$H$5:$H$504,'DETAIL TRANSAKSI'!$A$5:$A$504,A15),J15=SUMIFS('DETAIL TRANSAKSI'!$I$5:$I$504,'DETAIL TRANSAKSI'!$A$5:$A$504,A15)),"OK","CEK ALOKASI"))
H16: =IF(A16="","",SUMIFS('DETAIL TRANSAKSI'!$G$5:$G$504,'DETAIL TRANSAKSI'!$A$5:$A$504,A16)) | J16: =IF(A16="","",SUMIFS('REFUND DAN PEMBATALAN'!$E$5:$E$504,'REFUND DAN PEMBATALAN'!$B$5:$B$504,A16,'REFUND DAN PEMBATALAN'!$I$5:$I$504,"Berhasil")) | K16: =IF(A16="","",H16-I16-J16) | O16: =IF(A16="","",IF(AND(I16=SUMIFS('DETAIL TRANSAKSI'!$H$5:$H$504,'DETAIL TRANSAKSI'!$A$5:$A$504,A16),J16=SUMIFS('DETAIL TRANSAKSI'!$I$5:$I$504,'DETAIL TRANSAKSI'!$A$5:$A$504,A16)),"OK","CEK ALOKASI"))
H17: =IF(A17="","",SUMIFS('DETAIL TRANSAKSI'!$G$5:$G$504,'DETAIL TRANSAKSI'!$A$5:$A$504,A17)) | J17: =IF(A17="","",SUMIFS('REFUND DAN PEMBATALAN'!$E$5:$E$504,'REFUND DAN PEMBATALAN'!$B$5:$B$504,A17,'REFUND DAN PEMBATALAN'!$I$5:$I$504,"Berhasil")) | K17: =IF(A17="","",H17-I17-J17) | O17: =IF(A17="","",IF(AND(I17=SUMIFS('DETAIL TRANSAKSI'!$H$5:$H$504,'DETAIL TRANSAKSI'!$A$5:$A$504,A17),J17=SUMIFS('DETAIL TRANSAKSI'!$I$5:$I$504,'DETAIL TRANSAKSI'!$A$5:$A$504,A17)),"OK","CEK ALOKASI"))
H18: =IF(A18="","",SUMIFS('DETAIL TRANSAKSI'!$G$5:$G$504,'DETAIL TRANSAKSI'!$A$5:$A$504,A18)) | J18: =IF(A18="","",SUMIFS('REFUND DAN PEMBATALAN'!$E$5:$E$504,'REFUND DAN PEMBATALAN'!$B$5:$B$504,A18,'REFUND DAN PEMBATALAN'!$I$5:$I$504,"Berhasil")) | K18: =IF(A18="","",H18-I18-J18) | O18: =IF(A18="","",IF(AND(I18=SUMIFS('DETAIL TRANSAKSI'!$H$5:$H$504,'DETAIL TRANSAKSI'!$A$5:$A$504,A18),J18=SUMIFS('DETAIL TRANSAKSI'!$I$5:$I$504,'DETAIL TRANSAKSI'!$A$5:$A$504,A18)),"OK","CEK ALOKASI"))
H19: =IF(A19="","",SUMIFS('DETAIL TRANSAKSI'!$G$5:$G$504,'DETAIL TRANSAKSI'!$A$5:$A$504,A19)) | J19: =IF(A19="","",SUMIFS('REFUND DAN PEMBATALAN'!$E$5:$E$504,'REFUND DAN PEMBATALAN'!$B$5:$B$504,A19,'REFUND DAN PEMBATALAN'!$I$5:$I$504,"Berhasil")) | K19: =IF(A19="","",H19-I19-J19) | O19: =IF(A19="","",IF(AND(I19=SUMIFS('DETAIL TRANSAKSI'!$H$5:$H$504,'DETAIL TRANSAKSI'!$A$5:$A$504,A19),J19=SUMIFS('DETAIL TRANSAKSI'!$I$5:$I$504,'DETAIL TRANSAKSI'!$A$5:$A$504,A19)),"OK","CEK ALOKASI"))
H20: =IF(A20="","",SUMIFS('DETAIL TRANSAKSI'!$G$5:$G$504,'DETAIL TRANSAKSI'!$A$5:$A$504,A20)) | J20: =IF(A20="","",SUMIFS('REFUND DAN PEMBATALAN'!$E$5:$E$504,'REFUND DAN PEMBATALAN'!$B$5:$B$504,A20,'REFUND DAN PEMBATALAN'!$I$5:$I$504,"Berhasil")) | K20: =IF(A20="","",H20-I20-J20) | O20: =IF(A20="","",IF(AND(I20=SUMIFS('DETAIL TRANSAKSI'!$H$5:$H$504,'DETAIL TRANSAKSI'!$A$5:$A$504,A20),J20=SUMIFS('DETAIL TRANSAKSI'!$I$5:$I$504,'DETAIL TRANSAKSI'!$A$5:$A$504,A20)),"OK","CEK ALOKASI"))
H21: =IF(A21="","",SUMIFS('DETAIL TRANSAKSI'!$G$5:$G$504,'DETAIL TRANSAKSI'!$A$5:$A$504,A21)) | J21: =IF(A21="","",SUMIFS('REFUND DAN PEMBATALAN'!$E$5:$E$504,'REFUND DAN PEMBATALAN'!$B$5:$B$504,A21,'REFUND DAN PEMBATALAN'!$I$5:$I$504,"Berhasil")) | K21: =IF(A21="","",H21-I21-J21) | O21: =IF(A21="","",IF(AND(I21=SUMIFS('DETAIL TRANSAKSI'!$H$5:$H$504,'DETAIL TRANSAKSI'!$A$5:$A$504,A21),J21=SUMIFS('DETAIL TRANSAKSI'!$I$5:$I$504,'DETAIL TRANSAKSI'!$A$5:$A$504,A21)),"OK","CEK ALOKASI"))
H22: =IF(A22="","",SUMIFS('DETAIL TRANSAKSI'!$G$5:$G$504,'DETAIL TRANSAKSI'!$A$5:$A$504,A22)) | J22: =IF(A22="","",SUMIFS('REFUND DAN PEMBATALAN'!$E$5:$E$504,'REFUND DAN PEMBATALAN'!$B$5:$B$504,A22,'REFUND DAN PEMBATALAN'!$I$5:$I$504,"Berhasil")) | K22: =IF(A22="","",H22-I22-J22) | O22: =IF(A22="","",IF(AND(I22=SUMIFS('DETAIL TRANSAKSI'!$H$5:$H$504,'DETAIL TRANSAKSI'!$A$5:$A$504,A22),J22=SUMIFS('DETAIL TRANSAKSI'!$I$5:$I$504,'DETAIL TRANSAKSI'!$A$5:$A$504,A22)),"OK","CEK ALOKASI"))
H23: =IF(A23="","",SUMIFS('DETAIL TRANSAKSI'!$G$5:$G$504,'DETAIL TRANSAKSI'!$A$5:$A$504,A23)) | J23: =IF(A23="","",SUMIFS('REFUND DAN PEMBATALAN'!$E$5:$E$504,'REFUND DAN PEMBATALAN'!$B$5:$B$504,A23,'REFUND DAN PEMBATALAN'!$I$5:$I$504,"Berhasil")) | K23: =IF(A23="","",H23-I23-J23) | O23: =IF(A23="","",IF(AND(I23=SUMIFS('DETAIL TRANSAKSI'!$H$5:$H$504,'DETAIL TRANSAKSI'!$A$5:$A$504,A23),J23=SUMIFS('DETAIL TRANSAKSI'!$I$5:$I$504,'DETAIL TRANSAKSI'!$A$5:$A$504,A23)),"OK","CEK ALOKASI"))
H24: =IF(A24="","",SUMIFS('DETAIL TRANSAKSI'!$G$5:$G$504,'DETAIL TRANSAKSI'!$A$5:$A$504,A24)) | J24: =IF(A24="","",SUMIFS('REFUND DAN PEMBATALAN'!$E$5:$E$504,'REFUND DAN PEMBATALAN'!$B$5:$B$504,A24,'REFUND DAN PEMBATALAN'!$I$5:$I$504,"Berhasil")) | K24: =IF(A24="","",H24-I24-J24) | O24: =IF(A24="","",IF(AND(I24=SUMIFS('DETAIL TRANSAKSI'!$H$5:$H$504,'DETAIL TRANSAKSI'!$A$5:$A$504,A24),J24=SUMIFS('DETAIL TRANSAKSI'!$I$5:$I$504,'DETAIL TRANSAKSI'!$A$5:$A$504,A24)),"OK","CEK ALOKASI"))
H25: =IF(A25="","",SUMIFS('DETAIL TRANSAKSI'!$G$5:$G$504,'DETAIL TRANSAKSI'!$A$5:$A$504,A25)) | J25: =IF(A25="","",SUMIFS('REFUND DAN PEMBATALAN'!$E$5:$E$504,'REFUND DAN PEMBATALAN'!$B$5:$B$504,A25,'REFUND DAN PEMBATALAN'!$I$5:$I$504,"Berhasil")) | K25: =IF(A25="","",H25-I25-J25) | O25: =IF(A25="","",IF(AND(I25=SUMIFS('DETAIL TRANSAKSI'!$H$5:$H$504,'DETAIL TRANSAKSI'!$A$5:$A$504,A25),J25=SUMIFS('DETAIL TRANSAKSI'!$I$5:$I$504,'DETAIL TRANSAKSI'!$A$5:$A$504,A25)),"OK","CEK ALOKASI"))
H26: =IF(A26="","",SUMIFS('DETAIL TRANSAKSI'!$G$5:$G$504,'DETAIL TRANSAKSI'!$A$5:$A$504,A26)) | J26: =IF(A26="","",SUMIFS('REFUND DAN PEMBATALAN'!$E$5:$E$504,'REFUND DAN PEMBATALAN'!$B$5:$B$504,A26,'REFUND DAN PEMBATALAN'!$I$5:$I$504,"Berhasil")) | K26: =IF(A26="","",H26-I26-J26) | O26: =IF(A26="","",IF(AND(I26=SUMIFS('DETAIL TRANSAKSI'!$H$5:$H$504,'DETAIL TRANSAKSI'!$A$5:$A$504,A26),J26=SUMIFS('DETAIL TRANSAKSI'!$I$5:$I$504,'DETAIL TRANSAKSI'!$A$5:$A$504,A26)),"OK","CEK ALOKASI"))
... H504: =IF(A504="","",SUMIFS('DETAIL TRANSAKSI'!$G$5:$G$504,'DETAIL TRANSAKSI'!$A$5:$A$504,A504)) | J504: =IF(A504="","",SUMIFS('REFUND DAN PEMBATALAN'!$E$5:$E$504,'REFUND DAN PEMBATALAN'!$B$5:$B$504,A504,'REFUND DAN PEMBATALAN'!$I$5:$I$504,"Berhasil")) | K504: =IF(A504="","",H504-I504-J504) | O504: =IF(A504="","",IF(AND(I504=SUMIFS('DETAIL TRANSAKSI'!$H$5:$H$504,'DETAIL TRANSAKSI'!$A$5:$A$504,A504),J504=SUMIFS('DETAIL TRANSAKSI'!$I$5:$I$504,'DETAIL TRANSAKSI'!$A$5:$A$504,A504)),"OK","CEK ALOKASI"))

Sheet DETAIL TRANSAKSI
A1: DETAIL TRANSAKSI
A2: KUNING K = snapshot HPP saat transaksi; copy nilai dari N, paste values. Jangan ubah K transaksi lampau.
A3: ISI MANUAL | B3: HASIL OTOMATIS | C3: ID CONTOH- = simulasi
A4: Nomor pesanan | B4: ID menu | C4: Nama menu | D4: Varian | E4: Jumlah | F4: Harga satuan | G4: Subtotal item | H4: Alokasi diskon | I4: Alokasi refund | J4: Penjualan bersih item | K4: HPP per item (snapshot) | L4: Total HPP | M4: Laba kotor | N4: HPP acuan saat input | O4: Catatan item | P4: Tanggal pesanan WIB | Q4: Status bayar | R4: Urutan item | S4: Kunci cetak
A5: CONTOH-O01 | B5: CONTOH-M01 | C5: =IF(B5="","",IF(COUNTIFS('MASTER MENU'!$A$5:$A$504,B5)=0,"BELUM ADA",INDEX('MASTER MENU'!$B$5:$B$504,MATCH(B5,'MASTER MENU'!$A$5:$A$504,0)))) -> Kopi Susu Gula Aren | D5: =IF(B5="","",IF(COUNTIFS('MASTER MENU'!$A$5:$A$504,B5)=0,"BELUM ADA",INDEX('MASTER MENU'!$E$5:$E$504,MATCH(B5,'MASTER MENU'!$A$5:$A$504,0)))) -> Reguler | E5: 1 | F5: =IF(B5="","",IF(COUNTIFS('MASTER MENU'!$A$5:$A$504,B5)=0,"BELUM ADA",INDEX('MASTER MENU'!$F$5:$F$504,MATCH(B5,'MASTER MENU'!$A$5:$A$504,0)))) -> 28000 | G5: =IF(A5="","",IF(OR(NOT(ISNUMBER(E5)),NOT(ISNUMBER(F5))),"BELUM LENGKAP",ROUND(E5*F5,0))) -> 28000 | H5: 0 | I5: 0 | J5: =IF(A5="","",IF(NOT(ISNUMBER(G5)),"BELUM LENGKAP",G5-H5-I5)) -> 28000 | K5: 7300 | L5: =IF(A5="","",IF(NOT(ISNUMBER(K5)),"ISI SNAPSHOT HPP",ROUND(E5*K5,0))) -> 7300 | M5: =IF(A5="","",IF(NOT(ISNUMBER(L5)),"BELUM LENGKAP",J5-L5)) -> 20700 | N5: =IF(B5="","",IF(COUNTIFS('RESEP DAN HPP'!$A$5:$A$504,B5,'RESEP DAN HPP'!$N$5:$N$504,"LENGKAP")=0,"BELUM LENGKAP",INDEX('RESEP DAN HPP'!$J$5:$J$504,MATCH(B5,'RESEP DAN HPP'!$A$5:$A$504,0)))) -> 7300 | O5: CONTOH - biaya snapshot ilustratif | P5: =IF(A5="","",IF(COUNTIFS('TRANSAKSI PENJUALAN'!$A$5:$A$504,A5)=0,"BELUM ADA",INDEX('TRANSAKSI PENJUALAN'!$B$5:$B$504,MATCH(A5,'TRANSAKSI PENJUALAN'!$A$5:$A$504,0)))) -> 46325 | Q5: =IF(A5="","",IF(COUNTIFS('TRANSAKSI PENJUALAN'!$A$5:$A$504,A5)=0,"BELUM ADA",INDEX('TRANSAKSI PENJUALAN'!$M$5:$M$504,MATCH(A5,'TRANSAKSI PENJUALAN'!$A$5:$A$504,0)))) -> Lunas | R5: =IF(A5="","",COUNTIF($A$5:A5,A5)) -> 1 | S5: =IF(A5="","",A5&"|"&R5) -> CONTOH-O01|1
A6: CONTOH-O02 | B6: CONTOH-M02 | C6: =IF(B6="","",IF(COUNTIFS('MASTER MENU'!$A$5:$A$504,B6)=0,"BELUM ADA",INDEX('MASTER MENU'!$B$5:$B$504,MATCH(B6,'MASTER MENU'!$A$5:$A$504,0)))) -> Americano | D6: =IF(B6="","",IF(COUNTIFS('MASTER MENU'!$A$5:$A$504,B6)=0,"BELUM ADA",INDEX('MASTER MENU'!$E$5:$E$504,MATCH(B6,'MASTER MENU'!$A$5:$A$504,0)))) -> Ice | E6: 1 | F6: =IF(B6="","",IF(COUNTIFS('MASTER MENU'!$A$5:$A$504,B6)=0,"BELUM ADA",INDEX('MASTER MENU'!$F$5:$F$504,MATCH(B6,'MASTER MENU'!$A$5:$A$504,0)))) -> 25000 | G6: =IF(A6="","",IF(OR(NOT(ISNUMBER(E6)),NOT(ISNUMBER(F6))),"BELUM LENGKAP",ROUND(E6*F6,0))) -> 25000 | H6: 0 | I6: 0 | J6: =IF(A6="","",IF(NOT(ISNUMBER(G6)),"BELUM LENGKAP",G6-H6-I6)) -> 25000 | K6: 3160 | L6: =IF(A6="","",IF(NOT(ISNUMBER(K6)),"ISI SNAPSHOT HPP",ROUND(E6*K6,0))) -> 3160 | M6: =IF(A6="","",IF(NOT(ISNUMBER(L6)),"BELUM LENGKAP",J6-L6)) -> 21840 | N6: =IF(B6="","",IF(COUNTIFS('RESEP DAN HPP'!$A$5:$A$504,B6,'RESEP DAN HPP'!$N$5:$N$504,"LENGKAP")=0,"BELUM LENGKAP",INDEX('RESEP DAN HPP'!$J$5:$J$504,MATCH(B6,'RESEP DAN HPP'!$A$5:$A$504,0)))) -> 3160 | O6: CONTOH - biaya snapshot ilustratif | P6: =IF(A6="","",IF(COUNTIFS('TRANSAKSI PENJUALAN'!$A$5:$A$504,A6)=0,"BELUM ADA",INDEX('TRANSAKSI PENJUALAN'!$B$5:$B$504,MATCH(A6,'TRANSAKSI PENJUALAN'!$A$5:$A$504,0)))) -> 46325 | Q6: =IF(A6="","",IF(COUNTIFS('TRANSAKSI PENJUALAN'!$A$5:$A$504,A6)=0,"BELUM ADA",INDEX('TRANSAKSI PENJUALAN'!$M$5:$M$504,MATCH(A6,'TRANSAKSI PENJUALAN'!$A$5:$A$504,0)))) -> Lunas | R6: =IF(A6="","",COUNTIF($A$5:A6,A6)) -> 1 | S6: =IF(A6="","",A6&"|"&R6) -> CONTOH-O02|1
A7: CONTOH-O03 | B7: CONTOH-M03 | C7: =IF(B7="","",IF(COUNTIFS('MASTER MENU'!$A$5:$A$504,B7)=0,"BELUM ADA",INDEX('MASTER MENU'!$B$5:$B$504,MATCH(B7,'MASTER MENU'!$A$5:$A$504,0)))) -> Latte | D7: =IF(B7="","",IF(COUNTIFS('MASTER MENU'!$A$5:$A$504,B7)=0,"BELUM ADA",INDEX('MASTER MENU'!$E$5:$E$504,MATCH(B7,'MASTER MENU'!$A$5:$A$504,0)))) -> Hot | E7: 1 | F7: =IF(B7="","",IF(COUNTIFS('MASTER MENU'!$A$5:$A$504,B7)=0,"BELUM ADA",INDEX('MASTER MENU'!$F$5:$F$504,MATCH(B7,'MASTER MENU'!$A$5:$A$504,0)))) -> 32000 | G7: =IF(A7="","",IF(OR(NOT(ISNUMBER(E7)),NOT(ISNUMBER(F7))),"BELUM LENGKAP",ROUND(E7*F7,0))) -> 32000 | H7: 2000 | I7: 0 | J7: =IF(A7="","",IF(NOT(ISNUMBER(G7)),"BELUM LENGKAP",G7-H7-I7)) -> 30000 | K7: 7020 | L7: =IF(A7="","",IF(NOT(ISNUMBER(K7)),"ISI SNAPSHOT HPP",ROUND(E7*K7,0))) -> 7020 | M7: =IF(A7="","",IF(NOT(ISNUMBER(L7)),"BELUM LENGKAP",J7-L7)) -> 22980 | N7: =IF(B7="","",IF(COUNTIFS('RESEP DAN HPP'!$A$5:$A$504,B7,'RESEP DAN HPP'!$N$5:$N$504,"LENGKAP")=0,"BELUM LENGKAP",INDEX('RESEP DAN HPP'!$J$5:$J$504,MATCH(B7,'RESEP DAN HPP'!$A$5:$A$504,0)))) -> 7020 | O7: CONTOH - biaya snapshot ilustratif | P7: =IF(A7="","",IF(COUNTIFS('TRANSAKSI PENJUALAN'!$A$5:$A$504,A7)=0,"BELUM ADA",INDEX('TRANSAKSI PENJUALAN'!$B$5:$B$504,MATCH(A7,'TRANSAKSI PENJUALAN'!$A$5:$A$504,0)))) -> 46325 | Q7: =IF(A7="","",IF(COUNTIFS('TRANSAKSI PENJUALAN'!$A$5:$A$504,A7)=0,"BELUM ADA",INDEX('TRANSAKSI PENJUALAN'!$M$5:$M$504,MATCH(A7,'TRANSAKSI PENJUALAN'!$A$5:$A$504,0)))) -> Lunas | R7: =IF(A7="","",COUNTIF($A$5:A7,A7)) -> 1 | S7: =IF(A7="","",A7&"|"&R7) -> CONTOH-O03|1
A8: CONTOH-O04 | B8: CONTOH-M04 | C8: =IF(B8="","",IF(COUNTIFS('MASTER MENU'!$A$5:$A$504,B8)=0,"BELUM ADA",INDEX('MASTER MENU'!$B$5:$B$504,MATCH(B8,'MASTER MENU'!$A$5:$A$504,0)))) -> Matcha Latte | D8: =IF(B8="","",IF(COUNTIFS('MASTER MENU'!$A$5:$A$504,B8)=0,"BELUM ADA",INDEX('MASTER MENU'!$E$5:$E$504,MATCH(B8,'MASTER MENU'!$A$5:$A$504,0)))) -> Ice | E8: 1 | F8: =IF(B8="","",IF(COUNTIFS('MASTER MENU'!$A$5:$A$504,B8)=0,"BELUM ADA",INDEX('MASTER MENU'!$F$5:$F$504,MATCH(B8,'MASTER MENU'!$A$5:$A$504,0)))) -> 33000 | G8: =IF(A8="","",IF(OR(NOT(ISNUMBER(E8)),NOT(ISNUMBER(F8))),"BELUM LENGKAP",ROUND(E8*F8,0))) -> 33000 | H8: 0 | I8: 5000 | J8: =IF(A8="","",IF(NOT(ISNUMBER(G8)),"BELUM LENGKAP",G8-H8-I8)) -> 28000 | K8: 6960 | L8: =IF(A8="","",IF(NOT(ISNUMBER(K8)),"ISI SNAPSHOT HPP",ROUND(E8*K8,0))) -> 6960 | M8: =IF(A8="","",IF(NOT(ISNUMBER(L8)),"BELUM LENGKAP",J8-L8)) -> 21040 | N8: =IF(B8="","",IF(COUNTIFS('RESEP DAN HPP'!$A$5:$A$504,B8,'RESEP DAN HPP'!$N$5:$N$504,"LENGKAP")=0,"BELUM LENGKAP",INDEX('RESEP DAN HPP'!$J$5:$J$504,MATCH(B8,'RESEP DAN HPP'!$A$5:$A$504,0)))) -> 6960 | O8: CONTOH - biaya snapshot ilustratif | P8: =IF(A8="","",IF(COUNTIFS('TRANSAKSI PENJUALAN'!$A$5:$A$504,A8)=0,"BELUM ADA",INDEX('TRANSAKSI PENJUALAN'!$B$5:$B$504,MATCH(A8,'TRANSAKSI PENJUALAN'!$A$5:$A$504,0)))) -> 46325 | Q8: =IF(A8="","",IF(COUNTIFS('TRANSAKSI PENJUALAN'!$A$5:$A$504,A8)=0,"BELUM ADA",INDEX('TRANSAKSI PENJUALAN'!$M$5:$M$504,MATCH(A8,'TRANSAKSI PENJUALAN'!$A$5:$A$504,0)))) -> Lunas | R8: =IF(A8="","",COUNTIF($A$5:A8,A8)) -> 1 | S8: =IF(A8="","",A8&"|"&R8) -> CONTOH-O04|1
A9: CONTOH-O05 | B9: CONTOH-M05 | C9: =IF(B9="","",IF(COUNTIFS('MASTER MENU'!$A$5:$A$504,B9)=0,"BELUM ADA",INDEX('MASTER MENU'!$B$5:$B$504,MATCH(B9,'MASTER MENU'!$A$5:$A$504,0)))) -> Teh Lemon | D9: =IF(B9="","",IF(COUNTIFS('MASTER MENU'!$A$5:$A$504,B9)=0,"BELUM ADA",INDEX('MASTER MENU'!$E$5:$E$504,MATCH(B9,'MASTER MENU'!$A$5:$A$504,0)))) -> Ice | E9: 1 | F9: =IF(B9="","",IF(COUNTIFS('MASTER MENU'!$A$5:$A$504,B9)=0,"BELUM ADA",INDEX('MASTER MENU'!$F$5:$F$504,MATCH(B9,'MASTER MENU'!$A$5:$A$504,0)))) -> 22000 | G9: =IF(A9="","",IF(OR(NOT(ISNUMBER(E9)),NOT(ISNUMBER(F9))),"BELUM LENGKAP",ROUND(E9*F9,0))) -> 22000 | H9: 0 | I9: 0 | J9: =IF(A9="","",IF(NOT(ISNUMBER(G9)),"BELUM LENGKAP",G9-H9-I9)) -> 22000 | K9: 1300 | L9: =IF(A9="","",IF(NOT(ISNUMBER(K9)),"ISI SNAPSHOT HPP",ROUND(E9*K9,0))) -> 1300 | M9: =IF(A9="","",IF(NOT(ISNUMBER(L9)),"BELUM LENGKAP",J9-L9)) -> 20700 | N9: =IF(B9="","",IF(COUNTIFS('RESEP DAN HPP'!$A$5:$A$504,B9,'RESEP DAN HPP'!$N$5:$N$504,"LENGKAP")=0,"BELUM LENGKAP",INDEX('RESEP DAN HPP'!$J$5:$J$504,MATCH(B9,'RESEP DAN HPP'!$A$5:$A$504,0)))) -> 1300 | O9: CONTOH - biaya snapshot ilustratif | P9: =IF(A9="","",IF(COUNTIFS('TRANSAKSI PENJUALAN'!$A$5:$A$504,A9)=0,"BELUM ADA",INDEX('TRANSAKSI PENJUALAN'!$B$5:$B$504,MATCH(A9,'TRANSAKSI PENJUALAN'!$A$5:$A$504,0)))) -> 46325 | Q9: =IF(A9="","",IF(COUNTIFS('TRANSAKSI PENJUALAN'!$A$5:$A$504,A9)=0,"BELUM ADA",INDEX('TRANSAKSI PENJUALAN'!$M$5:$M$504,MATCH(A9,'TRANSAKSI PENJUALAN'!$A$5:$A$504,0)))) -> Lunas | R9: =IF(A9="","",COUNTIF($A$5:A9,A9)) -> 1 | S9: =IF(A9="","",A9&"|"&R9) -> CONTOH-O05|1
A10: CONTOH-O06 | B10: CONTOH-M06 | C10: =IF(B10="","",IF(COUNTIFS('MASTER MENU'!$A$5:$A$504,B10)=0,"BELUM ADA",INDEX('MASTER MENU'!$B$5:$B$504,MATCH(B10,'MASTER MENU'!$A$5:$A$504,0)))) -> Croissant Butter | D10: =IF(B10="","",IF(COUNTIFS('MASTER MENU'!$A$5:$A$504,B10)=0,"BELUM ADA",INDEX('MASTER MENU'!$E$5:$E$504,MATCH(B10,'MASTER MENU'!$A$5:$A$504,0)))) -> Reguler | E10: 1 | F10: =IF(B10="","",IF(COUNTIFS('MASTER MENU'!$A$5:$A$504,B10)=0,"BELUM ADA",INDEX('MASTER MENU'!$F$5:$F$504,MATCH(B10,'MASTER MENU'!$A$5:$A$504,0)))) -> 27000 | G10: =IF(A10="","",IF(OR(NOT(ISNUMBER(E10)),NOT(ISNUMBER(F10))),"BELUM LENGKAP",ROUND(E10*F10,0))) -> 27000 | H10: 0 | I10: 0 | J10: =IF(A10="","",IF(NOT(ISNUMBER(G10)),"BELUM LENGKAP",G10-H10-I10)) -> 27000 | K10: 7500 | L10: =IF(A10="","",IF(NOT(ISNUMBER(K10)),"ISI SNAPSHOT HPP",ROUND(E10*K10,0))) -> 7500 | M10: =IF(A10="","",IF(NOT(ISNUMBER(L10)),"BELUM LENGKAP",J10-L10)) -> 19500 | N10: =IF(B10="","",IF(COUNTIFS('RESEP DAN HPP'!$A$5:$A$504,B10,'RESEP DAN HPP'!$N$5:$N$504,"LENGKAP")=0,"BELUM LENGKAP",INDEX('RESEP DAN HPP'!$J$5:$J$504,MATCH(B10,'RESEP DAN HPP'!$A$5:$A$504,0)))) -> 7500 | O10: CONTOH - biaya snapshot ilustratif | P10: =IF(A10="","",IF(COUNTIFS('TRANSAKSI PENJUALAN'!$A$5:$A$504,A10)=0,"BELUM ADA",INDEX('TRANSAKSI PENJUALAN'!$B$5:$B$504,MATCH(A10,'TRANSAKSI PENJUALAN'!$A$5:$A$504,0)))) -> 46325 | Q10: =IF(A10="","",IF(COUNTIFS('TRANSAKSI PENJUALAN'!$A$5:$A$504,A10)=0,"BELUM ADA",INDEX('TRANSAKSI PENJUALAN'!$M$5:$M$504,MATCH(A10,'TRANSAKSI PENJUALAN'!$A$5:$A$504,0)))) -> Lunas | R10: =IF(A10="","",COUNTIF($A$5:A10,A10)) -> 1 | S10: =IF(A10="","",A10&"|"&R10) -> CONTOH-O06|1
A11: CONTOH-O07 | B11: CONTOH-M07 | C11: =IF(B11="","",IF(COUNTIFS('MASTER MENU'!$A$5:$A$504,B11)=0,"BELUM ADA",INDEX('MASTER MENU'!$B$5:$B$504,MATCH(B11,'MASTER MENU'!$A$5:$A$504,0)))) -> Nasi Goreng | D11: =IF(B11="","",IF(COUNTIFS('MASTER MENU'!$A$5:$A$504,B11)=0,"BELUM ADA",INDEX('MASTER MENU'!$E$5:$E$504,MATCH(B11,'MASTER MENU'!$A$5:$A$504,0)))) -> Reguler | E11: 1 | F11: =IF(B11="","",IF(COUNTIFS('MASTER MENU'!$A$5:$A$504,B11)=0,"BELUM ADA",INDEX('MASTER MENU'!$F$5:$F$504,MATCH(B11,'MASTER MENU'!$A$5:$A$504,0)))) -> 42000 | G11: =IF(A11="","",IF(OR(NOT(ISNUMBER(E11)),NOT(ISNUMBER(F11))),"BELUM LENGKAP",ROUND(E11*F11,0))) -> 42000 | H11: 0 | I11: 0 | J11: =IF(A11="","",IF(NOT(ISNUMBER(G11)),"BELUM LENGKAP",G11-H11-I11)) -> 42000 | K11: 3550 | L11: =IF(A11="","",IF(NOT(ISNUMBER(K11)),"ISI SNAPSHOT HPP",ROUND(E11*K11,0))) -> 3550 | M11: =IF(A11="","",IF(NOT(ISNUMBER(L11)),"BELUM LENGKAP",J11-L11)) -> 38450 | N11: =IF(B11="","",IF(COUNTIFS('RESEP DAN HPP'!$A$5:$A$504,B11,'RESEP DAN HPP'!$N$5:$N$504,"LENGKAP")=0,"BELUM LENGKAP",INDEX('RESEP DAN HPP'!$J$5:$J$504,MATCH(B11,'RESEP DAN HPP'!$A$5:$A$504,0)))) -> 3550 | O11: CONTOH - biaya snapshot ilustratif | P11: =IF(A11="","",IF(COUNTIFS('TRANSAKSI PENJUALAN'!$A$5:$A$504,A11)=0,"BELUM ADA",INDEX('TRANSAKSI PENJUALAN'!$B$5:$B$504,MATCH(A11,'TRANSAKSI PENJUALAN'!$A$5:$A$504,0)))) -> 46325 | Q11: =IF(A11="","",IF(COUNTIFS('TRANSAKSI PENJUALAN'!$A$5:$A$504,A11)=0,"BELUM ADA",INDEX('TRANSAKSI PENJUALAN'!$M$5:$M$504,MATCH(A11,'TRANSAKSI PENJUALAN'!$A$5:$A$504,0)))) -> Lunas | R11: =IF(A11="","",COUNTIF($A$5:A11,A11)) -> 1 | S11: =IF(A11="","",A11&"|"&R11) -> CONTOH-O07|1
A12: CONTOH-O08 | B12: CONTOH-M08 | C12: =IF(B12="","",IF(COUNTIFS('MASTER MENU'!$A$5:$A$504,B12)=0,"BELUM ADA",INDEX('MASTER MENU'!$B$5:$B$504,MATCH(B12,'MASTER MENU'!$A$5:$A$504,0)))) -> Kentang Goreng | D12: =IF(B12="","",IF(COUNTIFS('MASTER MENU'!$A$5:$A$504,B12)=0,"BELUM ADA",INDEX('MASTER MENU'!$E$5:$E$504,MATCH(B12,'MASTER MENU'!$A$5:$A$504,0)))) -> Reguler | E12: 1 | F12: =IF(B12="","",IF(COUNTIFS('MASTER MENU'!$A$5:$A$504,B12)=0,"BELUM ADA",INDEX('MASTER MENU'!$F$5:$F$504,MATCH(B12,'MASTER MENU'!$A$5:$A$504,0)))) -> 26000 | G12: =IF(A12="","",IF(OR(NOT(ISNUMBER(E12)),NOT(ISNUMBER(F12))),"BELUM LENGKAP",ROUND(E12*F12,0))) -> 26000 | H12: 0 | I12: 0 | J12: =IF(A12="","",IF(NOT(ISNUMBER(G12)),"BELUM LENGKAP",G12-H12-I12)) -> 26000 | K12: 9000 | L12: =IF(A12="","",IF(NOT(ISNUMBER(K12)),"ISI SNAPSHOT HPP",ROUND(E12*K12,0))) -> 9000 | M12: =IF(A12="","",IF(NOT(ISNUMBER(L12)),"BELUM LENGKAP",J12-L12)) -> 17000 | N12: =IF(B12="","",IF(COUNTIFS('RESEP DAN HPP'!$A$5:$A$504,B12,'RESEP DAN HPP'!$N$5:$N$504,"LENGKAP")=0,"BELUM LENGKAP",INDEX('RESEP DAN HPP'!$J$5:$J$504,MATCH(B12,'RESEP DAN HPP'!$A$5:$A$504,0)))) -> 9000 | O12: CONTOH - biaya snapshot ilustratif | P12: =IF(A12="","",IF(COUNTIFS('TRANSAKSI PENJUALAN'!$A$5:$A$504,A12)=0,"BELUM ADA",INDEX('TRANSAKSI PENJUALAN'!$B$5:$B$504,MATCH(A12,'TRANSAKSI PENJUALAN'!$A$5:$A$504,0)))) -> 46325 | Q12: =IF(A12="","",IF(COUNTIFS('TRANSAKSI PENJUALAN'!$A$5:$A$504,A12)=0,"BELUM ADA",INDEX('TRANSAKSI PENJUALAN'!$M$5:$M$504,MATCH(A12,'TRANSAKSI PENJUALAN'!$A$5:$A$504,0)))) -> Lunas | R12: =IF(A12="","",COUNTIF($A$5:A12,A12)) -> 1 | S12: =IF(A12="","",A12&"|"&R12) -> CONTOH-O08|1
A13: CONTOH-O09 | B13: CONTOH-M09 | C13: =IF(B13="","",IF(COUNTIFS('MASTER MENU'!$A$5:$A$504,B13)=0,"BELUM ADA",INDEX('MASTER MENU'!$B$5:$B$504,MATCH(B13,'MASTER MENU'!$A$5:$A$504,0)))) -> Espresso | D13: =IF(B13="","",IF(COUNTIFS('MASTER MENU'!$A$5:$A$504,B13)=0,"BELUM ADA",INDEX('MASTER MENU'!$E$5:$E$504,MATCH(B13,'MASTER MENU'!$A$5:$A$504,0)))) -> Single | E13: 1 | F13: =IF(B13="","",IF(COUNTIFS('MASTER MENU'!$A$5:$A$504,B13)=0,"BELUM ADA",INDEX('MASTER MENU'!$F$5:$F$504,MATCH(B13,'MASTER MENU'!$A$5:$A$504,0)))) -> 20000 | G13: =IF(A13="","",IF(OR(NOT(ISNUMBER(E13)),NOT(ISNUMBER(F13))),"BELUM LENGKAP",ROUND(E13*F13,0))) -> 20000 | H13: 0 | I13: 0 | J13: =IF(A13="","",IF(NOT(ISNUMBER(G13)),"BELUM LENGKAP",G13-H13-I13)) -> 20000 | K13: 2700 | L13: =IF(A13="","",IF(NOT(ISNUMBER(K13)),"ISI SNAPSHOT HPP",ROUND(E13*K13,0))) -> 2700 | M13: =IF(A13="","",IF(NOT(ISNUMBER(L13)),"BELUM LENGKAP",J13-L13)) -> 17300 | N13: =IF(B13="","",IF(COUNTIFS('RESEP DAN HPP'!$A$5:$A$504,B13,'RESEP DAN HPP'!$N$5:$N$504,"LENGKAP")=0,"BELUM LENGKAP",INDEX('RESEP DAN HPP'!$J$5:$J$504,MATCH(B13,'RESEP DAN HPP'!$A$5:$A$504,0)))) -> 2700 | O13: CONTOH - biaya snapshot ilustratif | P13: =IF(A13="","",IF(COUNTIFS('TRANSAKSI PENJUALAN'!$A$5:$A$504,A13)=0,"BELUM ADA",INDEX('TRANSAKSI PENJUALAN'!$B$5:$B$504,MATCH(A13,'TRANSAKSI PENJUALAN'!$A$5:$A$504,0)))) -> 46325 | Q13: =IF(A13="","",IF(COUNTIFS('TRANSAKSI PENJUALAN'!$A$5:$A$504,A13)=0,"BELUM ADA",INDEX('TRANSAKSI PENJUALAN'!$M$5:$M$504,MATCH(A13,'TRANSAKSI PENJUALAN'!$A$5:$A$504,0)))) -> Lunas | R13: =IF(A13="","",COUNTIF($A$5:A13,A13)) -> 1 | S13: =IF(A13="","",A13&"|"&R13) -> CONTOH-O09|1
A14: CONTOH-O10 | B14: CONTOH-M10 | C14: =IF(B14="","",IF(COUNTIFS('MASTER MENU'!$A$5:$A$504,B14)=0,"BELUM ADA",INDEX('MASTER MENU'!$B$5:$B$504,MATCH(B14,'MASTER MENU'!$A$5:$A$504,0)))) -> Roti Bakar | D14: =IF(B14="","",IF(COUNTIFS('MASTER MENU'!$A$5:$A$504,B14)=0,"BELUM ADA",INDEX('MASTER MENU'!$E$5:$E$504,MATCH(B14,'MASTER MENU'!$A$5:$A$504,0)))) -> Reguler | E14: 1 | F14: =IF(B14="","",IF(COUNTIFS('MASTER MENU'!$A$5:$A$504,B14)=0,"BELUM ADA",INDEX('MASTER MENU'!$F$5:$F$504,MATCH(B14,'MASTER MENU'!$A$5:$A$504,0)))) -> 24000 | G14: =IF(A14="","",IF(OR(NOT(ISNUMBER(E14)),NOT(ISNUMBER(F14))),"BELUM LENGKAP",ROUND(E14*F14,0))) -> 24000 | H14: 0 | I14: 0 | J14: =IF(A14="","",IF(NOT(ISNUMBER(G14)),"BELUM LENGKAP",G14-H14-I14)) -> 24000 | K14: 5000 | L14: =IF(A14="","",IF(NOT(ISNUMBER(K14)),"ISI SNAPSHOT HPP",ROUND(E14*K14,0))) -> 5000 | M14: =IF(A14="","",IF(NOT(ISNUMBER(L14)),"BELUM LENGKAP",J14-L14)) -> 19000 | N14: =IF(B14="","",IF(COUNTIFS('RESEP DAN HPP'!$A$5:$A$504,B14,'RESEP DAN HPP'!$N$5:$N$504,"LENGKAP")=0,"BELUM LENGKAP",INDEX('RESEP DAN HPP'!$J$5:$J$504,MATCH(B14,'RESEP DAN HPP'!$A$5:$A$504,0)))) -> 5000 | O14: CONTOH - biaya snapshot ilustratif | P14: =IF(A14="","",IF(COUNTIFS('TRANSAKSI PENJUALAN'!$A$5:$A$504,A14)=0,"BELUM ADA",INDEX('TRANSAKSI PENJUALAN'!$B$5:$B$504,MATCH(A14,'TRANSAKSI PENJUALAN'!$A$5:$A$504,0)))) -> 46325 | Q14: =IF(A14="","",IF(COUNTIFS('TRANSAKSI PENJUALAN'!$A$5:$A$504,A14)=0,"BELUM ADA",INDEX('TRANSAKSI PENJUALAN'!$M$5:$M$504,MATCH(A14,'TRANSAKSI PENJUALAN'!$A$5:$A$504,0)))) -> Lunas | R14: =IF(A14="","",COUNTIF($A$5:A14,A14)) -> 1 | S14: =IF(A14="","",A14&"|"&R14) -> CONTOH-O10|1
C15: =IF(B15="","",IF(COUNTIFS('MASTER MENU'!$A$5:$A$504,B15)=0,"BELUM ADA",INDEX('MASTER MENU'!$B$5:$B$504,MATCH(B15,'MASTER MENU'!$A$5:$A$504,0)))) | D15: =IF(B15="","",IF(COUNTIFS('MASTER MENU'!$A$5:$A$504,B15)=0,"BELUM ADA",INDEX('MASTER MENU'!$E$5:$E$504,MATCH(B15,'MASTER MENU'!$A$5:$A$504,0)))) | F15: =IF(B15="","",IF(COUNTIFS('MASTER MENU'!$A$5:$A$504,B15)=0,"BELUM ADA",INDEX('MASTER MENU'!$F$5:$F$504,MATCH(B15,'MASTER MENU'!$A$5:$A$504,0)))) | G15: =IF(A15="","",IF(OR(NOT(ISNUMBER(E15)),NOT(ISNUMBER(F15))),"BELUM LENGKAP",ROUND(E15*F15,0))) | J15: =IF(A15="","",IF(NOT(ISNUMBER(G15)),"BELUM LENGKAP",G15-H15-I15)) | L15: =IF(A15="","",IF(NOT(ISNUMBER(K15)),"ISI SNAPSHOT HPP",ROUND(E15*K15,0))) | M15: =IF(A15="","",IF(NOT(ISNUMBER(L15)),"BELUM LENGKAP",J15-L15)) | N15: =IF(B15="","",IF(COUNTIFS('RESEP DAN HPP'!$A$5:$A$504,B15,'RESEP DAN HPP'!$N$5:$N$504,"LENGKAP")=0,"BELUM LENGKAP",INDEX('RESEP DAN HPP'!$J$5:$J$504,MATCH(B15,'RESEP DAN HPP'!$A$5:$A$504,0)))) | P15: =IF(A15="","",IF(COUNTIFS('TRANSAKSI PENJUALAN'!$A$5:$A$504,A15)=0,"BELUM ADA",INDEX('TRANSAKSI PENJUALAN'!$B$5:$B$504,MATCH(A15,'TRANSAKSI PENJUALAN'!$A$5:$A$504,0)))) | Q15: =IF(A15="","",IF(COUNTIFS('TRANSAKSI PENJUALAN'!$A$5:$A$504,A15)=0,"BELUM ADA",INDEX('TRANSAKSI PENJUALAN'!$M$5:$M$504,MATCH(A15,'TRANSAKSI PENJUALAN'!$A$5:$A$504,0)))) | R15: =IF(A15="","",COUNTIF($A$5:A15,A15)) | S15: =IF(A15="","",A15&"|"&R15)
C16: =IF(B16="","",IF(COUNTIFS('MASTER MENU'!$A$5:$A$504,B16)=0,"BELUM ADA",INDEX('MASTER MENU'!$B$5:$B$504,MATCH(B16,'MASTER MENU'!$A$5:$A$504,0)))) | D16: =IF(B16="","",IF(COUNTIFS('MASTER MENU'!$A$5:$A$504,B16)=0,"BELUM ADA",INDEX('MASTER MENU'!$E$5:$E$504,MATCH(B16,'MASTER MENU'!$A$5:$A$504,0)))) | F16: =IF(B16="","",IF(COUNTIFS('MASTER MENU'!$A$5:$A$504,B16)=0,"BELUM ADA",INDEX('MASTER MENU'!$F$5:$F$504,MATCH(B16,'MASTER MENU'!$A$5:$A$504,0)))) | G16: =IF(A16="","",IF(OR(NOT(ISNUMBER(E16)),NOT(ISNUMBER(F16))),"BELUM LENGKAP",ROUND(E16*F16,0))) | J16: =IF(A16="","",IF(NOT(ISNUMBER(G16)),"BELUM LENGKAP",G16-H16-I16)) | L16: =IF(A16="","",IF(NOT(ISNUMBER(K16)),"ISI SNAPSHOT HPP",ROUND(E16*K16,0))) | M16: =IF(A16="","",IF(NOT(ISNUMBER(L16)),"BELUM LENGKAP",J16-L16)) | N16: =IF(B16="","",IF(COUNTIFS('RESEP DAN HPP'!$A$5:$A$504,B16,'RESEP DAN HPP'!$N$5:$N$504,"LENGKAP")=0,"BELUM LENGKAP",INDEX('RESEP DAN HPP'!$J$5:$J$504,MATCH(B16,'RESEP DAN HPP'!$A$5:$A$504,0)))) | P16: =IF(A16="","",IF(COUNTIFS('TRANSAKSI PENJUALAN'!$A$5:$A$504,A16)=0,"BELUM ADA",INDEX('TRANSAKSI PENJUALAN'!$B$5:$B$504,MATCH(A16,'TRANSAKSI PENJUALAN'!$A$5:$A$504,0)))) | Q16: =IF(A16="","",IF(COUNTIFS('TRANSAKSI PENJUALAN'!$A$5:$A$504,A16)=0,"BELUM ADA",INDEX('TRANSAKSI PENJUALAN'!$M$5:$M$504,MATCH(A16,'TRANSAKSI PENJUALAN'!$A$5:$A$504,0)))) | R16: =IF(A16="","",COUNTIF($A$5:A16,A16)) | S16: =IF(A16="","",A16&"|"&R16)
C17: =IF(B17="","",IF(COUNTIFS('MASTER MENU'!$A$5:$A$504,B17)=0,"BELUM ADA",INDEX('MASTER MENU'!$B$5:$B$504,MATCH(B17,'MASTER MENU'!$A$5:$A$504,0)))) | D17: =IF(B17="","",IF(COUNTIFS('MASTER MENU'!$A$5:$A$504,B17)=0,"BELUM ADA",INDEX('MASTER MENU'!$E$5:$E$504,MATCH(B17,'MASTER MENU'!$A$5:$A$504,0)))) | F17: =IF(B17="","",IF(COUNTIFS('MASTER MENU'!$A$5:$A$504,B17)=0,"BELUM ADA",INDEX('MASTER MENU'!$F$5:$F$504,MATCH(B17,'MASTER MENU'!$A$5:$A$504,0)))) | G17: =IF(A17="","",IF(OR(NOT(ISNUMBER(E17)),NOT(ISNUMBER(F17))),"BELUM LENGKAP",ROUND(E17*F17,0))) | J17: =IF(A17="","",IF(NOT(ISNUMBER(G17)),"BELUM LENGKAP",G17-H17-I17)) | L17: =IF(A17="","",IF(NOT(ISNUMBER(K17)),"ISI SNAPSHOT HPP",ROUND(E17*K17,0))) | M17: =IF(A17="","",IF(NOT(ISNUMBER(L17)),"BELUM LENGKAP",J17-L17)) | N17: =IF(B17="","",IF(COUNTIFS('RESEP DAN HPP'!$A$5:$A$504,B17,'RESEP DAN HPP'!$N$5:$N$504,"LENGKAP")=0,"BELUM LENGKAP",INDEX('RESEP DAN HPP'!$J$5:$J$504,MATCH(B17,'RESEP DAN HPP'!$A$5:$A$504,0)))) | P17: =IF(A17="","",IF(COUNTIFS('TRANSAKSI PENJUALAN'!$A$5:$A$504,A17)=0,"BELUM ADA",INDEX('TRANSAKSI PENJUALAN'!$B$5:$B$504,MATCH(A17,'TRANSAKSI PENJUALAN'!$A$5:$A$504,0)))) | Q17: =IF(A17="","",IF(COUNTIFS('TRANSAKSI PENJUALAN'!$A$5:$A$504,A17)=0,"BELUM ADA",INDEX('TRANSAKSI PENJUALAN'!$M$5:$M$504,MATCH(A17,'TRANSAKSI PENJUALAN'!$A$5:$A$504,0)))) | R17: =IF(A17="","",COUNTIF($A$5:A17,A17)) | S17: =IF(A17="","",A17&"|"&R17)
C18: =IF(B18="","",IF(COUNTIFS('MASTER MENU'!$A$5:$A$504,B18)=0,"BELUM ADA",INDEX('MASTER MENU'!$B$5:$B$504,MATCH(B18,'MASTER MENU'!$A$5:$A$504,0)))) | D18: =IF(B18="","",IF(COUNTIFS('MASTER MENU'!$A$5:$A$504,B18)=0,"BELUM ADA",INDEX('MASTER MENU'!$E$5:$E$504,MATCH(B18,'MASTER MENU'!$A$5:$A$504,0)))) | F18: =IF(B18="","",IF(COUNTIFS('MASTER MENU'!$A$5:$A$504,B18)=0,"BELUM ADA",INDEX('MASTER MENU'!$F$5:$F$504,MATCH(B18,'MASTER MENU'!$A$5:$A$504,0)))) | G18: =IF(A18="","",IF(OR(NOT(ISNUMBER(E18)),NOT(ISNUMBER(F18))),"BELUM LENGKAP",ROUND(E18*F18,0))) | J18: =IF(A18="","",IF(NOT(ISNUMBER(G18)),"BELUM LENGKAP",G18-H18-I18)) | L18: =IF(A18="","",IF(NOT(ISNUMBER(K18)),"ISI SNAPSHOT HPP",ROUND(E18*K18,0))) | M18: =IF(A18="","",IF(NOT(ISNUMBER(L18)),"BELUM LENGKAP",J18-L18)) | N18: =IF(B18="","",IF(COUNTIFS('RESEP DAN HPP'!$A$5:$A$504,B18,'RESEP DAN HPP'!$N$5:$N$504,"LENGKAP")=0,"BELUM LENGKAP",INDEX('RESEP DAN HPP'!$J$5:$J$504,MATCH(B18,'RESEP DAN HPP'!$A$5:$A$504,0)))) | P18: =IF(A18="","",IF(COUNTIFS('TRANSAKSI PENJUALAN'!$A$5:$A$504,A18)=0,"BELUM ADA",INDEX('TRANSAKSI PENJUALAN'!$B$5:$B$504,MATCH(A18,'TRANSAKSI PENJUALAN'!$A$5:$A$504,0)))) | Q18: =IF(A18="","",IF(COUNTIFS('TRANSAKSI PENJUALAN'!$A$5:$A$504,A18)=0,"BELUM ADA",INDEX('TRANSAKSI PENJUALAN'!$M$5:$M$504,MATCH(A18,'TRANSAKSI PENJUALAN'!$A$5:$A$504,0)))) | R18: =IF(A18="","",COUNTIF($A$5:A18,A18)) | S18: =IF(A18="","",A18&"|"&R18)
C19: =IF(B19="","",IF(COUNTIFS('MASTER MENU'!$A$5:$A$504,B19)=0,"BELUM ADA",INDEX('MASTER MENU'!$B$5:$B$504,MATCH(B19,'MASTER MENU'!$A$5:$A$504,0)))) | D19: =IF(B19="","",IF(COUNTIFS('MASTER MENU'!$A$5:$A$504,B19)=0,"BELUM ADA",INDEX('MASTER MENU'!$E$5:$E$504,MATCH(B19,'MASTER MENU'!$A$5:$A$504,0)))) | F19: =IF(B19="","",IF(COUNTIFS('MASTER MENU'!$A$5:$A$504,B19)=0,"BELUM ADA",INDEX('MASTER MENU'!$F$5:$F$504,MATCH(B19,'MASTER MENU'!$A$5:$A$504,0)))) | G19: =IF(A19="","",IF(OR(NOT(ISNUMBER(E19)),NOT(ISNUMBER(F19))),"BELUM LENGKAP",ROUND(E19*F19,0))) | J19: =IF(A19="","",IF(NOT(ISNUMBER(G19)),"BELUM LENGKAP",G19-H19-I19)) | L19: =IF(A19="","",IF(NOT(ISNUMBER(K19)),"ISI SNAPSHOT HPP",ROUND(E19*K19,0))) | M19: =IF(A19="","",IF(NOT(ISNUMBER(L19)),"BELUM LENGKAP",J19-L19)) | N19: =IF(B19="","",IF(COUNTIFS('RESEP DAN HPP'!$A$5:$A$504,B19,'RESEP DAN HPP'!$N$5:$N$504,"LENGKAP")=0,"BELUM LENGKAP",INDEX('RESEP DAN HPP'!$J$5:$J$504,MATCH(B19,'RESEP DAN HPP'!$A$5:$A$504,0)))) | P19: =IF(A19="","",IF(COUNTIFS('TRANSAKSI PENJUALAN'!$A$5:$A$504,A19)=0,"BELUM ADA",INDEX('TRANSAKSI PENJUALAN'!$B$5:$B$504,MATCH(A19,'TRANSAKSI PENJUALAN'!$A$5:$A$504,0)))) | Q19: =IF(A19="","",IF(COUNTIFS('TRANSAKSI PENJUALAN'!$A$5:$A$504,A19)=0,"BELUM ADA",INDEX('TRANSAKSI PENJUALAN'!$M$5:$M$504,MATCH(A19,'TRANSAKSI PENJUALAN'!$A$5:$A$504,0)))) | R19: =IF(A19="","",COUNTIF($A$5:A19,A19)) | S19: =IF(A19="","",A19&"|"&R19)
C20: =IF(B20="","",IF(COUNTIFS('MASTER MENU'!$A$5:$A$504,B20)=0,"BELUM ADA",INDEX('MASTER MENU'!$B$5:$B$504,MATCH(B20,'MASTER MENU'!$A$5:$A$504,0)))) | D20: =IF(B20="","",IF(COUNTIFS('MASTER MENU'!$A$5:$A$504,B20)=0,"BELUM ADA",INDEX('MASTER MENU'!$E$5:$E$504,MATCH(B20,'MASTER MENU'!$A$5:$A$504,0)))) | F20: =IF(B20="","",IF(COUNTIFS('MASTER MENU'!$A$5:$A$504,B20)=0,"BELUM ADA",INDEX('MASTER MENU'!$F$5:$F$504,MATCH(B20,'MASTER MENU'!$A$5:$A$504,0)))) | G20: =IF(A20="","",IF(OR(NOT(ISNUMBER(E20)),NOT(ISNUMBER(F20))),"BELUM LENGKAP",ROUND(E20*F20,0))) | J20: =IF(A20="","",IF(NOT(ISNUMBER(G20)),"BELUM LENGKAP",G20-H20-I20)) | L20: =IF(A20="","",IF(NOT(ISNUMBER(K20)),"ISI SNAPSHOT HPP",ROUND(E20*K20,0))) | M20: =IF(A20="","",IF(NOT(ISNUMBER(L20)),"BELUM LENGKAP",J20-L20)) | N20: =IF(B20="","",IF(COUNTIFS('RESEP DAN HPP'!$A$5:$A$504,B20,'RESEP DAN HPP'!$N$5:$N$504,"LENGKAP")=0,"BELUM LENGKAP",INDEX('RESEP DAN HPP'!$J$5:$J$504,MATCH(B20,'RESEP DAN HPP'!$A$5:$A$504,0)))) | P20: =IF(A20="","",IF(COUNTIFS('TRANSAKSI PENJUALAN'!$A$5:$A$504,A20)=0,"BELUM ADA",INDEX('TRANSAKSI PENJUALAN'!$B$5:$B$504,MATCH(A20,'TRANSAKSI PENJUALAN'!$A$5:$A$504,0)))) | Q20: =IF(A20="","",IF(COUNTIFS('TRANSAKSI PENJUALAN'!$A$5:$A$504,A20)=0,"BELUM ADA",INDEX('TRANSAKSI PENJUALAN'!$M$5:$M$504,MATCH(A20,'TRANSAKSI PENJUALAN'!$A$5:$A$504,0)))) | R20: =IF(A20="","",COUNTIF($A$5:A20,A20)) | S20: =IF(A20="","",A20&"|"&R20)
C21: =IF(B21="","",IF(COUNTIFS('MASTER MENU'!$A$5:$A$504,B21)=0,"BELUM ADA",INDEX('MASTER MENU'!$B$5:$B$504,MATCH(B21,'MASTER MENU'!$A$5:$A$504,0)))) | D21: =IF(B21="","",IF(COUNTIFS('MASTER MENU'!$A$5:$A$504,B21)=0,"BELUM ADA",INDEX('MASTER MENU'!$E$5:$E$504,MATCH(B21,'MASTER MENU'!$A$5:$A$504,0)))) | F21: =IF(B21="","",IF(COUNTIFS('MASTER MENU'!$A$5:$A$504,B21)=0,"BELUM ADA",INDEX('MASTER MENU'!$F$5:$F$504,MATCH(B21,'MASTER MENU'!$A$5:$A$504,0)))) | G21: =IF(A21="","",IF(OR(NOT(ISNUMBER(E21)),NOT(ISNUMBER(F21))),"BELUM LENGKAP",ROUND(E21*F21,0))) | J21: =IF(A21="","",IF(NOT(ISNUMBER(G21)),"BELUM LENGKAP",G21-H21-I21)) | L21: =IF(A21="","",IF(NOT(ISNUMBER(K21)),"ISI SNAPSHOT HPP",ROUND(E21*K21,0))) | M21: =IF(A21="","",IF(NOT(ISNUMBER(L21)),"BELUM LENGKAP",J21-L21)) | N21: =IF(B21="","",IF(COUNTIFS('RESEP DAN HPP'!$A$5:$A$504,B21,'RESEP DAN HPP'!$N$5:$N$504,"LENGKAP")=0,"BELUM LENGKAP",INDEX('RESEP DAN HPP'!$J$5:$J$504,MATCH(B21,'RESEP DAN HPP'!$A$5:$A$504,0)))) | P21: =IF(A21="","",IF(COUNTIFS('TRANSAKSI PENJUALAN'!$A$5:$A$504,A21)=0,"BELUM ADA",INDEX('TRANSAKSI PENJUALAN'!$B$5:$B$504,MATCH(A21,'TRANSAKSI PENJUALAN'!$A$5:$A$504,0)))) | Q21: =IF(A21="","",IF(COUNTIFS('TRANSAKSI PENJUALAN'!$A$5:$A$504,A21)=0,"BELUM ADA",INDEX('TRANSAKSI PENJUALAN'!$M$5:$M$504,MATCH(A21,'TRANSAKSI PENJUALAN'!$A$5:$A$504,0)))) | R21: =IF(A21="","",COUNTIF($A$5:A21,A21)) | S21: =IF(A21="","",A21&"|"&R21)
C22: =IF(B22="","",IF(COUNTIFS('MASTER MENU'!$A$5:$A$504,B22)=0,"BELUM ADA",INDEX('MASTER MENU'!$B$5:$B$504,MATCH(B22,'MASTER MENU'!$A$5:$A$504,0)))) | D22: =IF(B22="","",IF(COUNTIFS('MASTER MENU'!$A$5:$A$504,B22)=0,"BELUM ADA",INDEX('MASTER MENU'!$E$5:$E$504,MATCH(B22,'MASTER MENU'!$A$5:$A$504,0)))) | F22: =IF(B22="","",IF(COUNTIFS('MASTER MENU'!$A$5:$A$504,B22)=0,"BELUM ADA",INDEX('MASTER MENU'!$F$5:$F$504,MATCH(B22,'MASTER MENU'!$A$5:$A$504,0)))) | G22: =IF(A22="","",IF(OR(NOT(ISNUMBER(E22)),NOT(ISNUMBER(F22))),"BELUM LENGKAP",ROUND(E22*F22,0))) | J22: =IF(A22="","",IF(NOT(ISNUMBER(G22)),"BELUM LENGKAP",G22-H22-I22)) | L22: =IF(A22="","",IF(NOT(ISNUMBER(K22)),"ISI SNAPSHOT HPP",ROUND(E22*K22,0))) | M22: =IF(A22="","",IF(NOT(ISNUMBER(L22)),"BELUM LENGKAP",J22-L22)) | N22: =IF(B22="","",IF(COUNTIFS('RESEP DAN HPP'!$A$5:$A$504,B22,'RESEP DAN HPP'!$N$5:$N$504,"LENGKAP")=0,"BELUM LENGKAP",INDEX('RESEP DAN HPP'!$J$5:$J$504,MATCH(B22,'RESEP DAN HPP'!$A$5:$A$504,0)))) | P22: =IF(A22="","",IF(COUNTIFS('TRANSAKSI PENJUALAN'!$A$5:$A$504,A22)=0,"BELUM ADA",INDEX('TRANSAKSI PENJUALAN'!$B$5:$B$504,MATCH(A22,'TRANSAKSI PENJUALAN'!$A$5:$A$504,0)))) | Q22: =IF(A22="","",IF(COUNTIFS('TRANSAKSI PENJUALAN'!$A$5:$A$504,A22)=0,"BELUM ADA",INDEX('TRANSAKSI PENJUALAN'!$M$5:$M$504,MATCH(A22,'TRANSAKSI PENJUALAN'!$A$5:$A$504,0)))) | R22: =IF(A22="","",COUNTIF($A$5:A22,A22)) | S22: =IF(A22="","",A22&"|"&R22)
C23: =IF(B23="","",IF(COUNTIFS('MASTER MENU'!$A$5:$A$504,B23)=0,"BELUM ADA",INDEX('MASTER MENU'!$B$5:$B$504,MATCH(B23,'MASTER MENU'!$A$5:$A$504,0)))) | D23: =IF(B23="","",IF(COUNTIFS('MASTER MENU'!$A$5:$A$504,B23)=0,"BELUM ADA",INDEX('MASTER MENU'!$E$5:$E$504,MATCH(B23,'MASTER MENU'!$A$5:$A$504,0)))) | F23: =IF(B23="","",IF(COUNTIFS('MASTER MENU'!$A$5:$A$504,B23)=0,"BELUM ADA",INDEX('MASTER MENU'!$F$5:$F$504,MATCH(B23,'MASTER MENU'!$A$5:$A$504,0)))) | G23: =IF(A23="","",IF(OR(NOT(ISNUMBER(E23)),NOT(ISNUMBER(F23))),"BELUM LENGKAP",ROUND(E23*F23,0))) | J23: =IF(A23="","",IF(NOT(ISNUMBER(G23)),"BELUM LENGKAP",G23-H23-I23)) | L23: =IF(A23="","",IF(NOT(ISNUMBER(K23)),"ISI SNAPSHOT HPP",ROUND(E23*K23,0))) | M23: =IF(A23="","",IF(NOT(ISNUMBER(L23)),"BELUM LENGKAP",J23-L23)) | N23: =IF(B23="","",IF(COUNTIFS('RESEP DAN HPP'!$A$5:$A$504,B23,'RESEP DAN HPP'!$N$5:$N$504,"LENGKAP")=0,"BELUM LENGKAP",INDEX('RESEP DAN HPP'!$J$5:$J$504,MATCH(B23,'RESEP DAN HPP'!$A$5:$A$504,0)))) | P23: =IF(A23="","",IF(COUNTIFS('TRANSAKSI PENJUALAN'!$A$5:$A$504,A23)=0,"BELUM ADA",INDEX('TRANSAKSI PENJUALAN'!$B$5:$B$504,MATCH(A23,'TRANSAKSI PENJUALAN'!$A$5:$A$504,0)))) | Q23: =IF(A23="","",IF(COUNTIFS('TRANSAKSI PENJUALAN'!$A$5:$A$504,A23)=0,"BELUM ADA",INDEX('TRANSAKSI PENJUALAN'!$M$5:$M$504,MATCH(A23,'TRANSAKSI PENJUALAN'!$A$5:$A$504,0)))) | R23: =IF(A23="","",COUNTIF($A$5:A23,A23)) | S23: =IF(A23="","",A23&"|"&R23)
C24: =IF(B24="","",IF(COUNTIFS('MASTER MENU'!$A$5:$A$504,B24)=0,"BELUM ADA",INDEX('MASTER MENU'!$B$5:$B$504,MATCH(B24,'MASTER MENU'!$A$5:$A$504,0)))) | D24: =IF(B24="","",IF(COUNTIFS('MASTER MENU'!$A$5:$A$504,B24)=0,"BELUM ADA",INDEX('MASTER MENU'!$E$5:$E$504,MATCH(B24,'MASTER MENU'!$A$5:$A$504,0)))) | F24: =IF(B24="","",IF(COUNTIFS('MASTER MENU'!$A$5:$A$504,B24)=0,"BELUM ADA",INDEX('MASTER MENU'!$F$5:$F$504,MATCH(B24,'MASTER MENU'!$A$5:$A$504,0)))) | G24: =IF(A24="","",IF(OR(NOT(ISNUMBER(E24)),NOT(ISNUMBER(F24))),"BELUM LENGKAP",ROUND(E24*F24,0))) | J24: =IF(A24="","",IF(NOT(ISNUMBER(G24)),"BELUM LENGKAP",G24-H24-I24)) | L24: =IF(A24="","",IF(NOT(ISNUMBER(K24)),"ISI SNAPSHOT HPP",ROUND(E24*K24,0))) | M24: =IF(A24="","",IF(NOT(ISNUMBER(L24)),"BELUM LENGKAP",J24-L24)) | N24: =IF(B24="","",IF(COUNTIFS('RESEP DAN HPP'!$A$5:$A$504,B24,'RESEP DAN HPP'!$N$5:$N$504,"LENGKAP")=0,"BELUM LENGKAP",INDEX('RESEP DAN HPP'!$J$5:$J$504,MATCH(B24,'RESEP DAN HPP'!$A$5:$A$504,0)))) | P24: =IF(A24="","",IF(COUNTIFS('TRANSAKSI PENJUALAN'!$A$5:$A$504,A24)=0,"BELUM ADA",INDEX('TRANSAKSI PENJUALAN'!$B$5:$B$504,MATCH(A24,'TRANSAKSI PENJUALAN'!$A$5:$A$504,0)))) | Q24: =IF(A24="","",IF(COUNTIFS('TRANSAKSI PENJUALAN'!$A$5:$A$504,A24)=0,"BELUM ADA",INDEX('TRANSAKSI PENJUALAN'!$M$5:$M$504,MATCH(A24,'TRANSAKSI PENJUALAN'!$A$5:$A$504,0)))) | R24: =IF(A24="","",COUNTIF($A$5:A24,A24)) | S24: =IF(A24="","",A24&"|"&R24)
C25: =IF(B25="","",IF(COUNTIFS('MASTER MENU'!$A$5:$A$504,B25)=0,"BELUM ADA",INDEX('MASTER MENU'!$B$5:$B$504,MATCH(B25,'MASTER MENU'!$A$5:$A$504,0)))) | D25: =IF(B25="","",IF(COUNTIFS('MASTER MENU'!$A$5:$A$504,B25)=0,"BELUM ADA",INDEX('MASTER MENU'!$E$5:$E$504,MATCH(B25,'MASTER MENU'!$A$5:$A$504,0)))) | F25: =IF(B25="","",IF(COUNTIFS('MASTER MENU'!$A$5:$A$504,B25)=0,"BELUM ADA",INDEX('MASTER MENU'!$F$5:$F$504,MATCH(B25,'MASTER MENU'!$A$5:$A$504,0)))) | G25: =IF(A25="","",IF(OR(NOT(ISNUMBER(E25)),NOT(ISNUMBER(F25))),"BELUM LENGKAP",ROUND(E25*F25,0))) | J25: =IF(A25="","",IF(NOT(ISNUMBER(G25)),"BELUM LENGKAP",G25-H25-I25)) | L25: =IF(A25="","",IF(NOT(ISNUMBER(K25)),"ISI SNAPSHOT HPP",ROUND(E25*K25,0))) | M25: =IF(A25="","",IF(NOT(ISNUMBER(L25)),"BELUM LENGKAP",J25-L25)) | N25: =IF(B25="","",IF(COUNTIFS('RESEP DAN HPP'!$A$5:$A$504,B25,'RESEP DAN HPP'!$N$5:$N$504,"LENGKAP")=0,"BELUM LENGKAP",INDEX('RESEP DAN HPP'!$J$5:$J$504,MATCH(B25,'RESEP DAN HPP'!$A$5:$A$504,0)))) | P25: =IF(A25="","",IF(COUNTIFS('TRANSAKSI PENJUALAN'!$A$5:$A$504,A25)=0,"BELUM ADA",INDEX('TRANSAKSI PENJUALAN'!$B$5:$B$504,MATCH(A25,'TRANSAKSI PENJUALAN'!$A$5:$A$504,0)))) | Q25: =IF(A25="","",IF(COUNTIFS('TRANSAKSI PENJUALAN'!$A$5:$A$504,A25)=0,"BELUM ADA",INDEX('TRANSAKSI PENJUALAN'!$M$5:$M$504,MATCH(A25,'TRANSAKSI PENJUALAN'!$A$5:$A$504,0)))) | R25: =IF(A25="","",COUNTIF($A$5:A25,A25)) | S25: =IF(A25="","",A25&"|"&R25)
C26: =IF(B26="","",IF(COUNTIFS('MASTER MENU'!$A$5:$A$504,B26)=0,"BELUM ADA",INDEX('MASTER MENU'!$B$5:$B$504,MATCH(B26,'MASTER MENU'!$A$5:$A$504,0)))) | D26: =IF(B26="","",IF(COUNTIFS('MASTER MENU'!$A$5:$A$504,B26)=0,"BELUM ADA",INDEX('MASTER MENU'!$E$5:$E$504,MATCH(B26,'MASTER MENU'!$A$5:$A$504,0)))) | F26: =IF(B26="","",IF(COUNTIFS('MASTER MENU'!$A$5:$A$504,B26)=0,"BELUM ADA",INDEX('MASTER MENU'!$F$5:$F$504,MATCH(B26,'MASTER MENU'!$A$5:$A$504,0)))) | G26: =IF(A26="","",IF(OR(NOT(ISNUMBER(E26)),NOT(ISNUMBER(F26))),"BELUM LENGKAP",ROUND(E26*F26,0))) | J26: =IF(A26="","",IF(NOT(ISNUMBER(G26)),"BELUM LENGKAP",G26-H26-I26)) | L26: =IF(A26="","",IF(NOT(ISNUMBER(K26)),"ISI SNAPSHOT HPP",ROUND(E26*K26,0))) | M26: =IF(A26="","",IF(NOT(ISNUMBER(L26)),"BELUM LENGKAP",J26-L26)) | N26: =IF(B26="","",IF(COUNTIFS('RESEP DAN HPP'!$A$5:$A$504,B26,'RESEP DAN HPP'!$N$5:$N$504,"LENGKAP")=0,"BELUM LENGKAP",INDEX('RESEP DAN HPP'!$J$5:$J$504,MATCH(B26,'RESEP DAN HPP'!$A$5:$A$504,0)))) | P26: =IF(A26="","",IF(COUNTIFS('TRANSAKSI PENJUALAN'!$A$5:$A$504,A26)=0,"BELUM ADA",INDEX('TRANSAKSI PENJUALAN'!$B$5:$B$504,MATCH(A26,'TRANSAKSI PENJUALAN'!$A$5:$A$504,0)))) | Q26: =IF(A26="","",IF(COUNTIFS('TRANSAKSI PENJUALAN'!$A$5:$A$504,A26)=0,"BELUM ADA",INDEX('TRANSAKSI PENJUALAN'!$M$5:$M$504,MATCH(A26,'TRANSAKSI PENJUALAN'!$A$5:$A$504,0)))) | R26: =IF(A26="","",COUNTIF($A$5:A26,A26)) | S26: =IF(A26="","",A26&"|"&R26)
... C504: =IF(B504="","",IF(COUNTIFS('MASTER MENU'!$A$5:$A$504,B504)=0,"BELUM ADA",INDEX('MASTER MENU'!$B$5:$B$504,MATCH(B504,'MASTER MENU'!$A$5:$A$504,0)))) | D504: =IF(B504="","",IF(COUNTIFS('MASTER MENU'!$A$5:$A$504,B504)=0,"BELUM ADA",INDEX('MASTER MENU'!$E$5:$E$504,MATCH(B504,'MASTER MENU'!$A$5:$A$504,0)))) | F504: =IF(B504="","",IF(COUNTIFS('MASTER MENU'!$A$5:$A$504,B504)=0,"BELUM ADA",INDEX('MASTER MENU'!$F$5:$F$504,MATCH(B504,'MASTER MENU'!$A$5:$A$504,0)))) | G504: =IF(A504="","",IF(OR(NOT(ISNUMBER(E504)),NOT(ISNUMBER(F504))),"BELUM LENGKAP",ROUND(E504*F504,0))) | J504: =IF(A504="","",IF(NOT(ISNUMBER(G504)),"BELUM LENGKAP",G504-H504-I504)) | L504: =IF(A504="","",IF(NOT(ISNUMBER(K504)),"ISI SNAPSHOT HPP",ROUND(E504*K504,0))) | M504: =IF(A504="","",IF(NOT(ISNUMBER(L504)),"BELUM LENGKAP",J504-L504)) | N504: =IF(B504="","",IF(COUNTIFS('RESEP DAN HPP'!$A$5:$A$504,B504,'RESEP DAN HPP'!$N$5:$N$504,"LENGKAP")=0,"BELUM LENGKAP",INDEX('RESEP DAN HPP'!$J$5:$J$504,MATCH(B504,'RESEP DAN HPP'!$A$5:$A$504,0)))) | P504: =IF(A504="","",IF(COUNTIFS('TRANSAKSI PENJUALAN'!$A$5:$A$504,A504)=0,"BELUM ADA",INDEX('TRANSAKSI PENJUALAN'!$B$5:$B$504,MATCH(A504,'TRANSAKSI PENJUALAN'!$A$5:$A$504,0)))) | Q504: =IF(A504="","",IF(COUNTIFS('TRANSAKSI PENJUALAN'!$A$5:$A$504,A504)=0,"BELUM ADA",INDEX('TRANSAKSI PENJUALAN'!$M$5:$M$504,MATCH(A504,'TRANSAKSI PENJUALAN'!$A$5:$A$504,0)))) | R504: =IF(A504="","",COUNTIF($A$5:A504,A504)) | S504: =IF(A504="","",A504&"|"&R504)

Sheet SHIFT KASIR
A1: SHIFT KASIR
A2: Kas seharusnya = awal + tunai bersih + masuk − keluar; satu shift per kasir/tanggal dan semua tunai dicocokkan.
A3: ISI MANUAL | B3: HASIL OTOMATIS | C3: ID CONTOH- = simulasi
A4: ID shift | B4: Tanggal WIB | C4: Nama kasir | D4: Waktu buka | E4: Waktu tutup | F4: Kas awal | G4: Penjualan tunai bersih | H4: Kas masuk | I4: Kas keluar | J4: Kas seharusnya | K4: Kas fisik | L4: Selisih | M4: Status | N4: Catatan | O4: Persetujuan Owner
A5: CONTOH-SH01 | B5: 46325 | C5: Kasir CONTOH | D5: 0.33333333 | E5: 0.75 | F5: 100000 | G5: =IF(A5="","",SUMIFS('TRANSAKSI PENJUALAN'!$K$5:$K$504,'TRANSAKSI PENJUALAN'!$B$5:$B$504,B5,'TRANSAKSI PENJUALAN'!$E$5:$E$504,C5,'TRANSAKSI PENJUALAN'!$L$5:$L$504,"Tunai",'TRANSAKSI PENJUALAN'!$M$5:$M$504,"Lunas")) -> 122000 | H5: 0 | I5: 8000 | J5: =IF(A5="","",F5+G5+H5-I5) -> 214000 | K5: 214000 | L5: =IF(A5="","",IF(NOT(ISNUMBER(K5)),"ISI KAS FISIK",K5-J5)) -> 0 | M5: =IF(A5="","",IF(NOT(ISNUMBER(L5)),"BELUM TUTUP",IF(L5=0,"Pas",IF(L5>0,"Lebih","Kurang")))) -> Pas | N5: CONTOH - kas keluar untuk tisu | O5: Menunggu
G6: =IF(A6="","",SUMIFS('TRANSAKSI PENJUALAN'!$K$5:$K$504,'TRANSAKSI PENJUALAN'!$B$5:$B$504,B6,'TRANSAKSI PENJUALAN'!$E$5:$E$504,C6,'TRANSAKSI PENJUALAN'!$L$5:$L$504,"Tunai",'TRANSAKSI PENJUALAN'!$M$5:$M$504,"Lunas")) | J6: =IF(A6="","",F6+G6+H6-I6) | L6: =IF(A6="","",IF(NOT(ISNUMBER(K6)),"ISI KAS FISIK",K6-J6)) | M6: =IF(A6="","",IF(NOT(ISNUMBER(L6)),"BELUM TUTUP",IF(L6=0,"Pas",IF(L6>0,"Lebih","Kurang"))))
G7: =IF(A7="","",SUMIFS('TRANSAKSI PENJUALAN'!$K$5:$K$504,'TRANSAKSI PENJUALAN'!$B$5:$B$504,B7,'TRANSAKSI PENJUALAN'!$E$5:$E$504,C7,'TRANSAKSI PENJUALAN'!$L$5:$L$504,"Tunai",'TRANSAKSI PENJUALAN'!$M$5:$M$504,"Lunas")) | J7: =IF(A7="","",F7+G7+H7-I7) | L7: =IF(A7="","",IF(NOT(ISNUMBER(K7)),"ISI KAS FISIK",K7-J7)) | M7: =IF(A7="","",IF(NOT(ISNUMBER(L7)),"BELUM TUTUP",IF(L7=0,"Pas",IF(L7>0,"Lebih","Kurang"))))
G8: =IF(A8="","",SUMIFS('TRANSAKSI PENJUALAN'!$K$5:$K$504,'TRANSAKSI PENJUALAN'!$B$5:$B$504,B8,'TRANSAKSI PENJUALAN'!$E$5:$E$504,C8,'TRANSAKSI PENJUALAN'!$L$5:$L$504,"Tunai",'TRANSAKSI PENJUALAN'!$M$5:$M$504,"Lunas")) | J8: =IF(A8="","",F8+G8+H8-I8) | L8: =IF(A8="","",IF(NOT(ISNUMBER(K8)),"ISI KAS FISIK",K8-J8)) | M8: =IF(A8="","",IF(NOT(ISNUMBER(L8)),"BELUM TUTUP",IF(L8=0,"Pas",IF(L8>0,"Lebih","Kurang"))))
G9: =IF(A9="","",SUMIFS('TRANSAKSI PENJUALAN'!$K$5:$K$504,'TRANSAKSI PENJUALAN'!$B$5:$B$504,B9,'TRANSAKSI PENJUALAN'!$E$5:$E$504,C9,'TRANSAKSI PENJUALAN'!$L$5:$L$504,"Tunai",'TRANSAKSI PENJUALAN'!$M$5:$M$504,"Lunas")) | J9: =IF(A9="","",F9+G9+H9-I9) | L9: =IF(A9="","",IF(NOT(ISNUMBER(K9)),"ISI KAS FISIK",K9-J9)) | M9: =IF(A9="","",IF(NOT(ISNUMBER(L9)),"BELUM TUTUP",IF(L9=0,"Pas",IF(L9>0,"Lebih","Kurang"))))
G10: =IF(A10="","",SUMIFS('TRANSAKSI PENJUALAN'!$K$5:$K$504,'TRANSAKSI PENJUALAN'!$B$5:$B$504,B10,'TRANSAKSI PENJUALAN'!$E$5:$E$504,C10,'TRANSAKSI PENJUALAN'!$L$5:$L$504,"Tunai",'TRANSAKSI PENJUALAN'!$M$5:$M$504,"Lunas")) | J10: =IF(A10="","",F10+G10+H10-I10) | L10: =IF(A10="","",IF(NOT(ISNUMBER(K10)),"ISI KAS FISIK",K10-J10)) | M10: =IF(A10="","",IF(NOT(ISNUMBER(L10)),"BELUM TUTUP",IF(L10=0,"Pas",IF(L10>0,"Lebih","Kurang"))))
G11: =IF(A11="","",SUMIFS('TRANSAKSI PENJUALAN'!$K$5:$K$504,'TRANSAKSI PENJUALAN'!$B$5:$B$504,B11,'TRANSAKSI PENJUALAN'!$E$5:$E$504,C11,'TRANSAKSI PENJUALAN'!$L$5:$L$504,"Tunai",'TRANSAKSI PENJUALAN'!$M$5:$M$504,"Lunas")) | J11: =IF(A11="","",F11+G11+H11-I11) | L11: =IF(A11="","",IF(NOT(ISNUMBER(K11)),"ISI KAS FISIK",K11-J11)) | M11: =IF(A11="","",IF(NOT(ISNUMBER(L11)),"BELUM TUTUP",IF(L11=0,"Pas",IF(L11>0,"Lebih","Kurang"))))
G12: =IF(A12="","",SUMIFS('TRANSAKSI PENJUALAN'!$K$5:$K$504,'TRANSAKSI PENJUALAN'!$B$5:$B$504,B12,'TRANSAKSI PENJUALAN'!$E$5:$E$504,C12,'TRANSAKSI PENJUALAN'!$L$5:$L$504,"Tunai",'TRANSAKSI PENJUALAN'!$M$5:$M$504,"Lunas")) | J12: =IF(A12="","",F12+G12+H12-I12) | L12: =IF(A12="","",IF(NOT(ISNUMBER(K12)),"ISI KAS FISIK",K12-J12)) | M12: =IF(A12="","",IF(NOT(ISNUMBER(L12)),"BELUM TUTUP",IF(L12=0,"Pas",IF(L12>0,"Lebih","Kurang"))))
G13: =IF(A13="","",SUMIFS('TRANSAKSI PENJUALAN'!$K$5:$K$504,'TRANSAKSI PENJUALAN'!$B$5:$B$504,B13,'TRANSAKSI PENJUALAN'!$E$5:$E$504,C13,'TRANSAKSI PENJUALAN'!$L$5:$L$504,"Tunai",'TRANSAKSI PENJUALAN'!$M$5:$M$504,"Lunas")) | J13: =IF(A13="","",F13+G13+H13-I13) | L13: =IF(A13="","",IF(NOT(ISNUMBER(K13)),"ISI KAS FISIK",K13-J13)) | M13: =IF(A13="","",IF(NOT(ISNUMBER(L13)),"BELUM TUTUP",IF(L13=0,"Pas",IF(L13>0,"Lebih","Kurang"))))
G14: =IF(A14="","",SUMIFS('TRANSAKSI PENJUALAN'!$K$5:$K$504,'TRANSAKSI PENJUALAN'!$B$5:$B$504,B14,'TRANSAKSI PENJUALAN'!$E$5:$E$504,C14,'TRANSAKSI PENJUALAN'!$L$5:$L$504,"Tunai",'TRANSAKSI PENJUALAN'!$M$5:$M$504,"Lunas")) | J14: =IF(A14="","",F14+G14+H14-I14) | L14: =IF(A14="","",IF(NOT(ISNUMBER(K14)),"ISI KAS FISIK",K14-J14)) | M14: =IF(A14="","",IF(NOT(ISNUMBER(L14)),"BELUM TUTUP",IF(L14=0,"Pas",IF(L14>0,"Lebih","Kurang"))))
G15: =IF(A15="","",SUMIFS('TRANSAKSI PENJUALAN'!$K$5:$K$504,'TRANSAKSI PENJUALAN'!$B$5:$B$504,B15,'TRANSAKSI PENJUALAN'!$E$5:$E$504,C15,'TRANSAKSI PENJUALAN'!$L$5:$L$504,"Tunai",'TRANSAKSI PENJUALAN'!$M$5:$M$504,"Lunas")) | J15: =IF(A15="","",F15+G15+H15-I15) | L15: =IF(A15="","",IF(NOT(ISNUMBER(K15)),"ISI KAS FISIK",K15-J15)) | M15: =IF(A15="","",IF(NOT(ISNUMBER(L15)),"BELUM TUTUP",IF(L15=0,"Pas",IF(L15>0,"Lebih","Kurang"))))
G16: =IF(A16="","",SUMIFS('TRANSAKSI PENJUALAN'!$K$5:$K$504,'TRANSAKSI PENJUALAN'!$B$5:$B$504,B16,'TRANSAKSI PENJUALAN'!$E$5:$E$504,C16,'TRANSAKSI PENJUALAN'!$L$5:$L$504,"Tunai",'TRANSAKSI PENJUALAN'!$M$5:$M$504,"Lunas")) | J16: =IF(A16="","",F16+G16+H16-I16) | L16: =IF(A16="","",IF(NOT(ISNUMBER(K16)),"ISI KAS FISIK",K16-J16)) | M16: =IF(A16="","",IF(NOT(ISNUMBER(L16)),"BELUM TUTUP",IF(L16=0,"Pas",IF(L16>0,"Lebih","Kurang"))))
G17: =IF(A17="","",SUMIFS('TRANSAKSI PENJUALAN'!$K$5:$K$504,'TRANSAKSI PENJUALAN'!$B$5:$B$504,B17,'TRANSAKSI PENJUALAN'!$E$5:$E$504,C17,'TRANSAKSI PENJUALAN'!$L$5:$L$504,"Tunai",'TRANSAKSI PENJUALAN'!$M$5:$M$504,"Lunas")) | J17: =IF(A17="","",F17+G17+H17-I17) | L17: =IF(A17="","",IF(NOT(ISNUMBER(K17)),"ISI KAS FISIK",K17-J17)) | M17: =IF(A17="","",IF(NOT(ISNUMBER(L17)),"BELUM TUTUP",IF(L17=0,"Pas",IF(L17>0,"Lebih","Kurang"))))
... G504: =IF(A504="","",SUMIFS('TRANSAKSI PENJUALAN'!$K$5:$K$504,'TRANSAKSI PENJUALAN'!$B$5:$B$504,B504,'TRANSAKSI PENJUALAN'!$E$5:$E$504,C504,'TRANSAKSI PENJUALAN'!$L$5:$L$504,"Tunai",'TRANSAKSI PENJUALAN'!$M$5:$M$504,"Lunas")) | J504: =IF(A504="","",F504+G504+H504-I504) | L504: =IF(A504="","",IF(NOT(ISNUMBER(K504)),"ISI KAS FISIK",K504-J504)) | M504: =IF(A504="","",IF(NOT(ISNUMBER(L504)),"BELUM TUTUP",IF(L504=0,"Pas",IF(L504>0,"Lebih","Kurang"))))

Sheet PENGELUARAN
A1: PENGELUARAN
A2: Pembelian bahan sebagai kas keluar, Memengaruhi laba = Tidak; jangan dihitung dua kali bersama HPP.
A3: ISI MANUAL | B3: HASIL OTOMATIS | C3: ID CONTOH- = simulasi
A4: Nomor pengeluaran | B4: Tanggal WIB | C4: Kategori | D4: Deskripsi | E4: Nominal | F4: Metode pembayaran | G4: Bukti | H4: Petugas | I4: Memengaruhi laba | J4: Catatan
A5: CONTOH-E01 | B5: 46325 | C5: Bahan baku | D5: CONTOH - beli bahan | E5: 25000 | F5: Transfer | G5: BUKTI-CONTOH | H5: Petugas CONTOH | I5: Tidak | J5: Masuk stok/HPP
A6: CONTOH-E02 | B6: 46325 | C6: Operasional | D6: CONTOH - tisu | E6: 8000 | F6: Tunai | G6: BUKTI-CONTOH | H6: Petugas CONTOH | I6: Ya | J6: Biaya operasional

Sheet REFUND DAN PEMBATALAN
A1: REFUND DAN PEMBATALAN
A2: Status Berhasil baru mengurangi penjualan. Alokasi di DETAIL harus sama dengan nilai refund berhasil.
A3: ISI MANUAL | B3: HASIL OTOMATIS | C3: ID CONTOH- = simulasi
A4: Nomor pengajuan | B4: Nomor pesanan | C4: Tanggal WIB | D4: Jenis | E4: Nominal | F4: Alasan | G4: Pemohon | H4: Penyetuju | I4: Status | J4: Waktu penyelesaian WIB | K4: Metode pengembalian dana
A5: CONTOH-R01 | B5: CONTOH-O04 | C5: 46325 | D5: Refund sebagian | E5: 5000 | F5: CONTOH - pesanan kurang sesuai | G5: Kasir CONTOH | H5: Owner CONTOH | I5: Berhasil | J5: 46325.667 | K5: QRIS
A6: CONTOH-R02 | B6: CONTOH-O05 | C6: 46325 | D6: Refund penuh | E6: 10000 | F6: CONTOH - simulasi pending | G6: Kasir CONTOH | I6: Menunggu | K6: Tunai

Sheet LAPORAN HARIAN
A1: LAPORAN HARIAN
A2: Pilih tanggal di B3. Hasil CONTOH bukan laporan usaha sebenarnya.
A3: Tanggal laporan WIB | B3: 46325
A5: Omzet kotor | B5: =SUMIFS('TRANSAKSI PENJUALAN'!$H$5:$H$504,'TRANSAKSI PENJUALAN'!$B$5:$B$504,$B$3,'TRANSAKSI PENJUALAN'!$M$5:$M$504,"Lunas") -> 279000
A6: Diskon | B6: =SUMIFS('TRANSAKSI PENJUALAN'!$I$5:$I$504,'TRANSAKSI PENJUALAN'!$B$5:$B$504,$B$3,'TRANSAKSI PENJUALAN'!$M$5:$M$504,"Lunas") -> 2000
A7: Refund berhasil | B7: =SUMIFS('TRANSAKSI PENJUALAN'!$J$5:$J$504,'TRANSAKSI PENJUALAN'!$B$5:$B$504,$B$3,'TRANSAKSI PENJUALAN'!$M$5:$M$504,"Lunas") -> 5000
A8: Penjualan bersih | B8: =B5-B6-B7 -> 272000
A9: Jumlah transaksi | B9: =COUNTIFS('TRANSAKSI PENJUALAN'!$B$5:$B$504,$B$3,'TRANSAKSI PENJUALAN'!$M$5:$M$504,"Lunas") -> 10
A10: Jumlah item terjual | B10: =SUMIFS('DETAIL TRANSAKSI'!$E$5:$E$504,'DETAIL TRANSAKSI'!$P$5:$P$504,$B$3,'DETAIL TRANSAKSI'!$Q$5:$Q$504,"Lunas") -> 10
A11: HPP transaksi | B11: =SUMIFS('DETAIL TRANSAKSI'!$L$5:$L$504,'DETAIL TRANSAKSI'!$P$5:$P$504,$B$3,'DETAIL TRANSAKSI'!$Q$5:$Q$504,"Lunas") -> 53490
A12: Laba kotor | B12: =B8-B11 -> 218510
A13: Pengeluaran operasional | B13: =SUMIFS(PENGELUARAN!$E$5:$E$504,PENGELUARAN!$B$5:$B$504,$B$3,PENGELUARAN!$I$5:$I$504,"Ya") -> 8000
A14: Kerugian bahan (waste) | B14: =SUMIFS('PERGERAKAN STOK'!$M$5:$M$504,'PERGERAKAN STOK'!$B$5:$B$504,">="&$B$3,'PERGERAKAN STOK'!$B$5:$B$504,"<"&($B$3+1)) -> 480
A15: Estimasi laba bersih | B15: =B12-B13-B14 -> 210030
A16: Selisih kas | B16: =SUMIFS('SHIFT KASIR'!$L$5:$L$504,'SHIFT KASIR'!$B$5:$B$504,$B$3) -> 0
A17: Menu terlaris | B17: =IF(MAX(D25:D84)=0,"Belum ada",INDEX(C25:C84,MATCH(MAX(D25:D84),D25:D84,0))) -> Kopi Susu Gula Aren
A18: Bahan menipis / habis | B18: =COUNTIFS('RINGKASAN STOK'!$J$5:$J$504,"Menipis")+COUNTIFS('RINGKASAN STOK'!$J$5:$J$504,"Habis") -> 0
A19: Kejadian waste | B19: =COUNTIFS('PERGERAKAN STOK'!$B$5:$B$504,">="&$B$3,'PERGERAKAN STOK'!$B$5:$B$504,"<"&($B$3+1),'PERGERAKAN STOK'!$E$5:$E$504,"Waste",'PERGERAKAN STOK'!$K$5:$K$504,"Disetujui") -> 1
A20: Cek alokasi transaksi | B20: =COUNTIFS('TRANSAKSI PENJUALAN'!$B$5:$B$504,$B$3,'TRANSAKSI PENJUALAN'!$O$5:$O$504,"CEK ALOKASI") -> 0
A21: Cek HPP snapshot | B21: =COUNTIFS('DETAIL TRANSAKSI'!$L$5:$L$504,"ISI SNAPSHOT HPP") -> 0
C24: Menu (CONTOH) | D24: Item terjual | F24: Metode | G24: Penjualan bersih
C25: =IF('MASTER MENU'!A5="","",'MASTER MENU'!B5) -> Kopi Susu Gula Aren | D25: =IF(C25="","",SUMIFS('DETAIL TRANSAKSI'!$E$5:$E$504,'DETAIL TRANSAKSI'!$B$5:$B$504,'MASTER MENU'!A5,'DETAIL TRANSAKSI'!$P$5:$P$504,$B$3,'DETAIL TRANSAKSI'!$Q$5:$Q$504,"Lunas")) -> 1 | F25: Tunai | G25: =SUMIFS('TRANSAKSI PENJUALAN'!$K$5:$K$504,'TRANSAKSI PENJUALAN'!$B$5:$B$504,$B$3,'TRANSAKSI PENJUALAN'!$L$5:$L$504,F25,'TRANSAKSI PENJUALAN'!$M$5:$M$504,"Lunas") -> 122000
C26: =IF('MASTER MENU'!A6="","",'MASTER MENU'!B6) -> Americano | D26: =IF(C26="","",SUMIFS('DETAIL TRANSAKSI'!$E$5:$E$504,'DETAIL TRANSAKSI'!$B$5:$B$504,'MASTER MENU'!A6,'DETAIL TRANSAKSI'!$P$5:$P$504,$B$3,'DETAIL TRANSAKSI'!$Q$5:$Q$504,"Lunas")) -> 1 | F26: QRIS | G26: =SUMIFS('TRANSAKSI PENJUALAN'!$K$5:$K$504,'TRANSAKSI PENJUALAN'!$B$5:$B$504,$B$3,'TRANSAKSI PENJUALAN'!$L$5:$L$504,F26,'TRANSAKSI PENJUALAN'!$M$5:$M$504,"Lunas") -> 73000
C27: =IF('MASTER MENU'!A7="","",'MASTER MENU'!B7) -> Latte | D27: =IF(C27="","",SUMIFS('DETAIL TRANSAKSI'!$E$5:$E$504,'DETAIL TRANSAKSI'!$B$5:$B$504,'MASTER MENU'!A7,'DETAIL TRANSAKSI'!$P$5:$P$504,$B$3,'DETAIL TRANSAKSI'!$Q$5:$Q$504,"Lunas")) -> 1 | F27: Debit | G27: =SUMIFS('TRANSAKSI PENJUALAN'!$K$5:$K$504,'TRANSAKSI PENJUALAN'!$B$5:$B$504,$B$3,'TRANSAKSI PENJUALAN'!$L$5:$L$504,F27,'TRANSAKSI PENJUALAN'!$M$5:$M$504,"Lunas") -> 77000
C28: =IF('MASTER MENU'!A8="","",'MASTER MENU'!B8) -> Matcha Latte | D28: =IF(C28="","",SUMIFS('DETAIL TRANSAKSI'!$E$5:$E$504,'DETAIL TRANSAKSI'!$B$5:$B$504,'MASTER MENU'!A8,'DETAIL TRANSAKSI'!$P$5:$P$504,$B$3,'DETAIL TRANSAKSI'!$Q$5:$Q$504,"Lunas")) -> 1 | F28: Kredit | G28: =SUMIFS('TRANSAKSI PENJUALAN'!$K$5:$K$504,'TRANSAKSI PENJUALAN'!$B$5:$B$504,$B$3,'TRANSAKSI PENJUALAN'!$L$5:$L$504,F28,'TRANSAKSI PENJUALAN'!$M$5:$M$504,"Lunas") -> 0
C29: =IF('MASTER MENU'!A9="","",'MASTER MENU'!B9) -> Teh Lemon | D29: =IF(C29="","",SUMIFS('DETAIL TRANSAKSI'!$E$5:$E$504,'DETAIL TRANSAKSI'!$B$5:$B$504,'MASTER MENU'!A9,'DETAIL TRANSAKSI'!$P$5:$P$504,$B$3,'DETAIL TRANSAKSI'!$Q$5:$Q$504,"Lunas")) -> 1 | F29: Transfer | G29: =SUMIFS('TRANSAKSI PENJUALAN'!$K$5:$K$504,'TRANSAKSI PENJUALAN'!$B$5:$B$504,$B$3,'TRANSAKSI PENJUALAN'!$L$5:$L$504,F29,'TRANSAKSI PENJUALAN'!$M$5:$M$504,"Lunas") -> 0
C30: =IF('MASTER MENU'!A10="","",'MASTER MENU'!B10) -> Croissant Butter | D30: =IF(C30="","",SUMIFS('DETAIL TRANSAKSI'!$E$5:$E$504,'DETAIL TRANSAKSI'!$B$5:$B$504,'MASTER MENU'!A10,'DETAIL TRANSAKSI'!$P$5:$P$504,$B$3,'DETAIL TRANSAKSI'!$Q$5:$Q$504,"Lunas")) -> 1 | F30: E-wallet | G30: =SUMIFS('TRANSAKSI PENJUALAN'!$K$5:$K$504,'TRANSAKSI PENJUALAN'!$B$5:$B$504,$B$3,'TRANSAKSI PENJUALAN'!$L$5:$L$504,F30,'TRANSAKSI PENJUALAN'!$M$5:$M$504,"Lunas") -> 0
C31: =IF('MASTER MENU'!A11="","",'MASTER MENU'!B11) -> Nasi Goreng | D31: =IF(C31="","",SUMIFS('DETAIL TRANSAKSI'!$E$5:$E$504,'DETAIL TRANSAKSI'!$B$5:$B$504,'MASTER MENU'!A11,'DETAIL TRANSAKSI'!$P$5:$P$504,$B$3,'DETAIL TRANSAKSI'!$Q$5:$Q$504,"Lunas")) -> 1
C32: =IF('MASTER MENU'!A12="","",'MASTER MENU'!B12) -> Kentang Goreng | D32: =IF(C32="","",SUMIFS('DETAIL TRANSAKSI'!$E$5:$E$504,'DETAIL TRANSAKSI'!$B$5:$B$504,'MASTER MENU'!A12,'DETAIL TRANSAKSI'!$P$5:$P$504,$B$3,'DETAIL TRANSAKSI'!$Q$5:$Q$504,"Lunas")) -> 1
C33: =IF('MASTER MENU'!A13="","",'MASTER MENU'!B13) -> Espresso | D33: =IF(C33="","",SUMIFS('DETAIL TRANSAKSI'!$E$5:$E$504,'DETAIL TRANSAKSI'!$B$5:$B$504,'MASTER MENU'!A13,'DETAIL TRANSAKSI'!$P$5:$P$504,$B$3,'DETAIL TRANSAKSI'!$Q$5:$Q$504,"Lunas")) -> 1
C34: =IF('MASTER MENU'!A14="","",'MASTER MENU'!B14) -> Roti Bakar | D34: =IF(C34="","",SUMIFS('DETAIL TRANSAKSI'!$E$5:$E$504,'DETAIL TRANSAKSI'!$B$5:$B$504,'MASTER MENU'!A14,'DETAIL TRANSAKSI'!$P$5:$P$504,$B$3,'DETAIL TRANSAKSI'!$Q$5:$Q$504,"Lunas")) -> 1
C35: =IF('MASTER MENU'!A15="","",'MASTER MENU'!B15) | D35: =IF(C35="","",SUMIFS('DETAIL TRANSAKSI'!$E$5:$E$504,'DETAIL TRANSAKSI'!$B$5:$B$504,'MASTER MENU'!A15,'DETAIL TRANSAKSI'!$P$5:$P$504,$B$3,'DETAIL TRANSAKSI'!$Q$5:$Q$504,"Lunas"))
C36: =IF('MASTER MENU'!A16="","",'MASTER MENU'!B16) | D36: =IF(C36="","",SUMIFS('DETAIL TRANSAKSI'!$E$5:$E$504,'DETAIL TRANSAKSI'!$B$5:$B$504,'MASTER MENU'!A16,'DETAIL TRANSAKSI'!$P$5:$P$504,$B$3,'DETAIL TRANSAKSI'!$Q$5:$Q$504,"Lunas"))
C37: =IF('MASTER MENU'!A17="","",'MASTER MENU'!B17) | D37: =IF(C37="","",SUMIFS('DETAIL TRANSAKSI'!$E$5:$E$504,'DETAIL TRANSAKSI'!$B$5:$B$504,'MASTER MENU'!A17,'DETAIL TRANSAKSI'!$P$5:$P$504,$B$3,'DETAIL TRANSAKSI'!$Q$5:$Q$504,"Lunas"))
C38: =IF('MASTER MENU'!A18="","",'MASTER MENU'!B18) | D38: =IF(C38="","",SUMIFS('DETAIL TRANSAKSI'!$E$5:$E$504,'DETAIL TRANSAKSI'!$B$5:$B$504,'MASTER MENU'!A18,'DETAIL TRANSAKSI'!$P$5:$P$504,$B$3,'DETAIL TRANSAKSI'!$Q$5:$Q$504,"Lunas"))
C39: =IF('MASTER MENU'!A19="","",'MASTER MENU'!B19) | D39: =IF(C39="","",SUMIFS('DETAIL TRANSAKSI'!$E$5:$E$504,'DETAIL TRANSAKSI'!$B$5:$B$504,'MASTER MENU'!A19,'DETAIL TRANSAKSI'!$P$5:$P$504,$B$3,'DETAIL TRANSAKSI'!$Q$5:$Q$504,"Lunas"))
C40: =IF('MASTER MENU'!A20="","",'MASTER MENU'!B20) | D40: =IF(C40="","",SUMIFS('DETAIL TRANSAKSI'!$E$5:$E$504,'DETAIL TRANSAKSI'!$B$5:$B$504,'MASTER MENU'!A20,'DETAIL TRANSAKSI'!$P$5:$P$504,$B$3,'DETAIL TRANSAKSI'!$Q$5:$Q$504,"Lunas"))
C41: =IF('MASTER MENU'!A21="","",'MASTER MENU'!B21) | D41: =IF(C41="","",SUMIFS('DETAIL TRANSAKSI'!$E$5:$E$504,'DETAIL TRANSAKSI'!$B$5:$B$504,'MASTER MENU'!A21,'DETAIL TRANSAKSI'!$P$5:$P$504,$B$3,'DETAIL TRANSAKSI'!$Q$5:$Q$504,"Lunas"))
C42: =IF('MASTER MENU'!A22="","",'MASTER MENU'!B22) | D42: =IF(C42="","",SUMIFS('DETAIL TRANSAKSI'!$E$5:$E$504,'DETAIL TRANSAKSI'!$B$5:$B$504,'MASTER MENU'!A22,'DETAIL TRANSAKSI'!$P$5:$P$504,$B$3,'DETAIL TRANSAKSI'!$Q$5:$Q$504,"Lunas"))
... C84: =IF('MASTER MENU'!A64="","",'MASTER MENU'!B64) | D84: =IF(C84="","",SUMIFS('DETAIL TRANSAKSI'!$E$5:$E$504,'DETAIL TRANSAKSI'!$B$5:$B$504,'MASTER MENU'!A64,'DETAIL TRANSAKSI'!$P$5:$P$504,$B$3,'DETAIL TRANSAKSI'!$Q$5:$Q$504,"Lunas"))

Sheet LAPORAN BULANAN
A1: LAPORAN BULANAN
A2: Isi tanggal apa pun pada bulan target di B3. Rincian 31 hari mengikuti bulan terpilih.
A3: Bulan laporan | B3: 46325
A5: Omzet bulanan | B5: =SUM(B21:B51) -> 279000
A6: Diskon | B6: =SUM(C21:C51) -> 2000
A7: Refund | B7: =SUM(D21:D51) -> 5000
A8: Penjualan bersih | B8: =SUM(E21:E51) -> 272000
A9: HPP | B9: =SUM(F21:F51) -> 53490
A10: Laba kotor | B10: =B8-B9 -> 218510
A11: Pengeluaran operasional | B11: =SUM(G21:G51)-B12 -> 8000
A12: Kerugian waste | B12: =SUMIFS('PERGERAKAN STOK'!$M$5:$M$504,'PERGERAKAN STOK'!$B$5:$B$504,">="&DATE(YEAR($B$3),MONTH($B$3),1),'PERGERAKAN STOK'!$B$5:$B$504,"<"&EDATE(DATE(YEAR($B$3),MONTH($B$3),1),1)) -> 480
A13: Estimasi laba bersih | B13: =B10-B11-B12 -> 210030
A14: Margin estimasi | B14: =IF(B8=0,"BELUM ADA",B13/B8) -> 0.77216912
A15: Stok menipis/habis saat ini | B15: =COUNTIFS('RINGKASAN STOK'!$J$5:$J$504,"Menipis")+COUNTIFS('RINGKASAN STOK'!$J$5:$J$504,"Habis") -> 0
A16: Menu terbaik | B16: =IF(MAX(D55:D114)=0,"Belum ada",INDEX(C55:C114,MATCH(MAX(D55:D114),D55:D114,0))) -> Kopi Susu Gula Aren
A17: Menu terendah | B17: =IF(COUNT(E55:E114)=0,"Belum ada",INDEX(C55:C114,MATCH(SMALL(E55:E114,1),E55:E114,0))) -> Kopi Susu Gula Aren
A20: Tanggal | B20: Omzet | C20: Diskon | D20: Refund | E20: Bersih | F20: HPP | G20: Biaya + waste | H20: Laba estimasi
A21: =DATE(YEAR($B$3),MONTH($B$3),1) -> 46296 | B21: =IF(A21="","",SUMIFS('TRANSAKSI PENJUALAN'!$H$5:$H$504,'TRANSAKSI PENJUALAN'!$B$5:$B$504,A21,'TRANSAKSI PENJUALAN'!$M$5:$M$504,"Lunas")) -> 0 | C21: =IF(A21="","",SUMIFS('TRANSAKSI PENJUALAN'!$I$5:$I$504,'TRANSAKSI PENJUALAN'!$B$5:$B$504,A21,'TRANSAKSI PENJUALAN'!$M$5:$M$504,"Lunas")) -> 0 | D21: =IF(A21="","",SUMIFS('TRANSAKSI PENJUALAN'!$J$5:$J$504,'TRANSAKSI PENJUALAN'!$B$5:$B$504,A21,'TRANSAKSI PENJUALAN'!$M$5:$M$504,"Lunas")) -> 0 | E21: =IF(A21="","",SUMIFS('TRANSAKSI PENJUALAN'!$K$5:$K$504,'TRANSAKSI PENJUALAN'!$B$5:$B$504,A21,'TRANSAKSI PENJUALAN'!$M$5:$M$504,"Lunas")) -> 0 | F21: =IF(A21="","",SUMIFS('DETAIL TRANSAKSI'!$L$5:$L$504,'DETAIL TRANSAKSI'!$P$5:$P$504,A21,'DETAIL TRANSAKSI'!$Q$5:$Q$504,"Lunas")) -> 0 | G21: =IF(A21="","",SUMIFS(PENGELUARAN!$E$5:$E$504,PENGELUARAN!$B$5:$B$504,A21,PENGELUARAN!$I$5:$I$504,"Ya")+SUMIFS('PERGERAKAN STOK'!$M$5:$M$504,'PERGERAKAN STOK'!$B$5:$B$504,">="&A21,'PERGERAKAN STOK'!$B$5:$B$504,"<"&(A21+1))) -> 0 | H21: =IF(A21="","",E21-F21-G21) -> 0
A22: =IF(MONTH(A21+1)=MONTH($B$3),A21+1,"") -> 46297 | B22: =IF(A22="","",SUMIFS('TRANSAKSI PENJUALAN'!$H$5:$H$504,'TRANSAKSI PENJUALAN'!$B$5:$B$504,A22,'TRANSAKSI PENJUALAN'!$M$5:$M$504,"Lunas")) -> 0 | C22: =IF(A22="","",SUMIFS('TRANSAKSI PENJUALAN'!$I$5:$I$504,'TRANSAKSI PENJUALAN'!$B$5:$B$504,A22,'TRANSAKSI PENJUALAN'!$M$5:$M$504,"Lunas")) -> 0 | D22: =IF(A22="","",SUMIFS('TRANSAKSI PENJUALAN'!$J$5:$J$504,'TRANSAKSI PENJUALAN'!$B$5:$B$504,A22,'TRANSAKSI PENJUALAN'!$M$5:$M$504,"Lunas")) -> 0 | E22: =IF(A22="","",SUMIFS('TRANSAKSI PENJUALAN'!$K$5:$K$504,'TRANSAKSI PENJUALAN'!$B$5:$B$504,A22,'TRANSAKSI PENJUALAN'!$M$5:$M$504,"Lunas")) -> 0 | F22: =IF(A22="","",SUMIFS('DETAIL TRANSAKSI'!$L$5:$L$504,'DETAIL TRANSAKSI'!$P$5:$P$504,A22,'DETAIL TRANSAKSI'!$Q$5:$Q$504,"Lunas")) -> 0 | G22: =IF(A22="","",SUMIFS(PENGELUARAN!$E$5:$E$504,PENGELUARAN!$B$5:$B$504,A22,PENGELUARAN!$I$5:$I$504,"Ya")+SUMIFS('PERGERAKAN STOK'!$M$5:$M$504,'PERGERAKAN STOK'!$B$5:$B$504,">="&A22,'PERGERAKAN STOK'!$B$5:$B$504,"<"&(A22+1))) -> 0 | H22: =IF(A22="","",E22-F22-G22) -> 0
A23: =IF(MONTH(A22+1)=MONTH($B$3),A22+1,"") -> 46298 | B23: =IF(A23="","",SUMIFS('TRANSAKSI PENJUALAN'!$H$5:$H$504,'TRANSAKSI PENJUALAN'!$B$5:$B$504,A23,'TRANSAKSI PENJUALAN'!$M$5:$M$504,"Lunas")) -> 0 | C23: =IF(A23="","",SUMIFS('TRANSAKSI PENJUALAN'!$I$5:$I$504,'TRANSAKSI PENJUALAN'!$B$5:$B$504,A23,'TRANSAKSI PENJUALAN'!$M$5:$M$504,"Lunas")) -> 0 | D23: =IF(A23="","",SUMIFS('TRANSAKSI PENJUALAN'!$J$5:$J$504,'TRANSAKSI PENJUALAN'!$B$5:$B$504,A23,'TRANSAKSI PENJUALAN'!$M$5:$M$504,"Lunas")) -> 0 | E23: =IF(A23="","",SUMIFS('TRANSAKSI PENJUALAN'!$K$5:$K$504,'TRANSAKSI PENJUALAN'!$B$5:$B$504,A23,'TRANSAKSI PENJUALAN'!$M$5:$M$504,"Lunas")) -> 0 | F23: =IF(A23="","",SUMIFS('DETAIL TRANSAKSI'!$L$5:$L$504,'DETAIL TRANSAKSI'!$P$5:$P$504,A23,'DETAIL TRANSAKSI'!$Q$5:$Q$504,"Lunas")) -> 0 | G23: =IF(A23="","",SUMIFS(PENGELUARAN!$E$5:$E$504,PENGELUARAN!$B$5:$B$504,A23,PENGELUARAN!$I$5:$I$504,"Ya")+SUMIFS('PERGERAKAN STOK'!$M$5:$M$504,'PERGERAKAN STOK'!$B$5:$B$504,">="&A23,'PERGERAKAN STOK'!$B$5:$B$504,"<"&(A23+1))) -> 0 | H23: =IF(A23="","",E23-F23-G23) -> 0
A24: =IF(MONTH(A23+1)=MONTH($B$3),A23+1,"") -> 46299 | B24: =IF(A24="","",SUMIFS('TRANSAKSI PENJUALAN'!$H$5:$H$504,'TRANSAKSI PENJUALAN'!$B$5:$B$504,A24,'TRANSAKSI PENJUALAN'!$M$5:$M$504,"Lunas")) -> 0 | C24: =IF(A24="","",SUMIFS('TRANSAKSI PENJUALAN'!$I$5:$I$504,'TRANSAKSI PENJUALAN'!$B$5:$B$504,A24,'TRANSAKSI PENJUALAN'!$M$5:$M$504,"Lunas")) -> 0 | D24: =IF(A24="","",SUMIFS('TRANSAKSI PENJUALAN'!$J$5:$J$504,'TRANSAKSI PENJUALAN'!$B$5:$B$504,A24,'TRANSAKSI PENJUALAN'!$M$5:$M$504,"Lunas")) -> 0 | E24: =IF(A24="","",SUMIFS('TRANSAKSI PENJUALAN'!$K$5:$K$504,'TRANSAKSI PENJUALAN'!$B$5:$B$504,A24,'TRANSAKSI PENJUALAN'!$M$5:$M$504,"Lunas")) -> 0 | F24: =IF(A24="","",SUMIFS('DETAIL TRANSAKSI'!$L$5:$L$504,'DETAIL TRANSAKSI'!$P$5:$P$504,A24,'DETAIL TRANSAKSI'!$Q$5:$Q$504,"Lunas")) -> 0 | G24: =IF(A24="","",SUMIFS(PENGELUARAN!$E$5:$E$504,PENGELUARAN!$B$5:$B$504,A24,PENGELUARAN!$I$5:$I$504,"Ya")+SUMIFS('PERGERAKAN STOK'!$M$5:$M$504,'PERGERAKAN STOK'!$B$5:$B$504,">="&A24,'PERGERAKAN STOK'!$B$5:$B$504,"<"&(A24+1))) -> 0 | H24: =IF(A24="","",E24-F24-G24) -> 0
A25: =IF(MONTH(A24+1)=MONTH($B$3),A24+1,"") -> 46300 | B25: =IF(A25="","",SUMIFS('TRANSAKSI PENJUALAN'!$H$5:$H$504,'TRANSAKSI PENJUALAN'!$B$5:$B$504,A25,'TRANSAKSI PENJUALAN'!$M$5:$M$504,"Lunas")) -> 0 | C25: =IF(A25="","",SUMIFS('TRANSAKSI PENJUALAN'!$I$5:$I$504,'TRANSAKSI PENJUALAN'!$B$5:$B$504,A25,'TRANSAKSI PENJUALAN'!$M$5:$M$504,"Lunas")) -> 0 | D25: =IF(A25="","",SUMIFS('TRANSAKSI PENJUALAN'!$J$5:$J$504,'TRANSAKSI PENJUALAN'!$B$5:$B$504,A25,'TRANSAKSI PENJUALAN'!$M$5:$M$504,"Lunas")) -> 0 | E25: =IF(A25="","",SUMIFS('TRANSAKSI PENJUALAN'!$K$5:$K$504,'TRANSAKSI PENJUALAN'!$B$5:$B$504,A25,'TRANSAKSI PENJUALAN'!$M$5:$M$504,"Lunas")) -> 0 | F25: =IF(A25="","",SUMIFS('DETAIL TRANSAKSI'!$L$5:$L$504,'DETAIL TRANSAKSI'!$P$5:$P$504,A25,'DETAIL TRANSAKSI'!$Q$5:$Q$504,"Lunas")) -> 0 | G25: =IF(A25="","",SUMIFS(PENGELUARAN!$E$5:$E$504,PENGELUARAN!$B$5:$B$504,A25,PENGELUARAN!$I$5:$I$504,"Ya")+SUMIFS('PERGERAKAN STOK'!$M$5:$M$504,'PERGERAKAN STOK'!$B$5:$B$504,">="&A25,'PERGERAKAN STOK'!$B$5:$B$504,"<"&(A25+1))) -> 0 | H25: =IF(A25="","",E25-F25-G25) -> 0
A26: =IF(MONTH(A25+1)=MONTH($B$3),A25+1,"") -> 46301 | B26: =IF(A26="","",SUMIFS('TRANSAKSI PENJUALAN'!$H$5:$H$504,'TRANSAKSI PENJUALAN'!$B$5:$B$504,A26,'TRANSAKSI PENJUALAN'!$M$5:$M$504,"Lunas")) -> 0 | C26: =IF(A26="","",SUMIFS('TRANSAKSI PENJUALAN'!$I$5:$I$504,'TRANSAKSI PENJUALAN'!$B$5:$B$504,A26,'TRANSAKSI PENJUALAN'!$M$5:$M$504,"Lunas")) -> 0 | D26: =IF(A26="","",SUMIFS('TRANSAKSI PENJUALAN'!$J$5:$J$504,'TRANSAKSI PENJUALAN'!$B$5:$B$504,A26,'TRANSAKSI PENJUALAN'!$M$5:$M$504,"Lunas")) -> 0 | E26: =IF(A26="","",SUMIFS('TRANSAKSI PENJUALAN'!$K$5:$K$504,'TRANSAKSI PENJUALAN'!$B$5:$B$504,A26,'TRANSAKSI PENJUALAN'!$M$5:$M$504,"Lunas")) -> 0 | F26: =IF(A26="","",SUMIFS('DETAIL TRANSAKSI'!$L$5:$L$504,'DETAIL TRANSAKSI'!$P$5:$P$504,A26,'DETAIL TRANSAKSI'!$Q$5:$Q$504,"Lunas")) -> 0 | G26: =IF(A26="","",SUMIFS(PENGELUARAN!$E$5:$E$504,PENGELUARAN!$B$5:$B$504,A26,PENGELUARAN!$I$5:$I$504,"Ya")+SUMIFS('PERGERAKAN STOK'!$M$5:$M$504,'PERGERAKAN STOK'!$B$5:$B$504,">="&A26,'PERGERAKAN STOK'!$B$5:$B$504,"<"&(A26+1))) -> 0 | H26: =IF(A26="","",E26-F26-G26) -> 0
A27: =IF(MONTH(A26+1)=MONTH($B$3),A26+1,"") -> 46302 | B27: =IF(A27="","",SUMIFS('TRANSAKSI PENJUALAN'!$H$5:$H$504,'TRANSAKSI PENJUALAN'!$B$5:$B$504,A27,'TRANSAKSI PENJUALAN'!$M$5:$M$504,"Lunas")) -> 0 | C27: =IF(A27="","",SUMIFS('TRANSAKSI PENJUALAN'!$I$5:$I$504,'TRANSAKSI PENJUALAN'!$B$5:$B$504,A27,'TRANSAKSI PENJUALAN'!$M$5:$M$504,"Lunas")) -> 0 | D27: =IF(A27="","",SUMIFS('TRANSAKSI PENJUALAN'!$J$5:$J$504,'TRANSAKSI PENJUALAN'!$B$5:$B$504,A27,'TRANSAKSI PENJUALAN'!$M$5:$M$504,"Lunas")) -> 0 | E27: =IF(A27="","",SUMIFS('TRANSAKSI PENJUALAN'!$K$5:$K$504,'TRANSAKSI PENJUALAN'!$B$5:$B$504,A27,'TRANSAKSI PENJUALAN'!$M$5:$M$504,"Lunas")) -> 0 | F27: =IF(A27="","",SUMIFS('DETAIL TRANSAKSI'!$L$5:$L$504,'DETAIL TRANSAKSI'!$P$5:$P$504,A27,'DETAIL TRANSAKSI'!$Q$5:$Q$504,"Lunas")) -> 0 | G27: =IF(A27="","",SUMIFS(PENGELUARAN!$E$5:$E$504,PENGELUARAN!$B$5:$B$504,A27,PENGELUARAN!$I$5:$I$504,"Ya")+SUMIFS('PERGERAKAN STOK'!$M$5:$M$504,'PERGERAKAN STOK'!$B$5:$B$504,">="&A27,'PERGERAKAN STOK'!$B$5:$B$504,"<"&(A27+1))) -> 0 | H27: =IF(A27="","",E27-F27-G27) -> 0
A28: =IF(MONTH(A27+1)=MONTH($B$3),A27+1,"") -> 46303 | B28: =IF(A28="","",SUMIFS('TRANSAKSI PENJUALAN'!$H$5:$H$504,'TRANSAKSI PENJUALAN'!$B$5:$B$504,A28,'TRANSAKSI PENJUALAN'!$M$5:$M$504,"Lunas")) -> 0 | C28: =IF(A28="","",SUMIFS('TRANSAKSI PENJUALAN'!$I$5:$I$504,'TRANSAKSI PENJUALAN'!$B$5:$B$504,A28,'TRANSAKSI PENJUALAN'!$M$5:$M$504,"Lunas")) -> 0 | D28: =IF(A28="","",SUMIFS('TRANSAKSI PENJUALAN'!$J$5:$J$504,'TRANSAKSI PENJUALAN'!$B$5:$B$504,A28,'TRANSAKSI PENJUALAN'!$M$5:$M$504,"Lunas")) -> 0 | E28: =IF(A28="","",SUMIFS('TRANSAKSI PENJUALAN'!$K$5:$K$504,'TRANSAKSI PENJUALAN'!$B$5:$B$504,A28,'TRANSAKSI PENJUALAN'!$M$5:$M$504,"Lunas")) -> 0 | F28: =IF(A28="","",SUMIFS('DETAIL TRANSAKSI'!$L$5:$L$504,'DETAIL TRANSAKSI'!$P$5:$P$504,A28,'DETAIL TRANSAKSI'!$Q$5:$Q$504,"Lunas")) -> 0 | G28: =IF(A28="","",SUMIFS(PENGELUARAN!$E$5:$E$504,PENGELUARAN!$B$5:$B$504,A28,PENGELUARAN!$I$5:$I$504,"Ya")+SUMIFS('PERGERAKAN STOK'!$M$5:$M$504,'PERGERAKAN STOK'!$B$5:$B$504,">="&A28,'PERGERAKAN STOK'!$B$5:$B$504,"<"&(A28+1))) -> 0 | H28: =IF(A28="","",E28-F28-G28) -> 0
A29: =IF(MONTH(A28+1)=MONTH($B$3),A28+1,"") -> 46304 | B29: =IF(A29="","",SUMIFS('TRANSAKSI PENJUALAN'!$H$5:$H$504,'TRANSAKSI PENJUALAN'!$B$5:$B$504,A29,'TRANSAKSI PENJUALAN'!$M$5:$M$504,"Lunas")) -> 0 | C29: =IF(A29="","",SUMIFS('TRANSAKSI PENJUALAN'!$I$5:$I$504,'TRANSAKSI PENJUALAN'!$B$5:$B$504,A29,'TRANSAKSI PENJUALAN'!$M$5:$M$504,"Lunas")) -> 0 | D29: =IF(A29="","",SUMIFS('TRANSAKSI PENJUALAN'!$J$5:$J$504,'TRANSAKSI PENJUALAN'!$B$5:$B$504,A29,'TRANSAKSI PENJUALAN'!$M$5:$M$504,"Lunas")) -> 0 | E29: =IF(A29="","",SUMIFS('TRANSAKSI PENJUALAN'!$K$5:$K$504,'TRANSAKSI PENJUALAN'!$B$5:$B$504,A29,'TRANSAKSI PENJUALAN'!$M$5:$M$504,"Lunas")) -> 0 | F29: =IF(A29="","",SUMIFS('DETAIL TRANSAKSI'!$L$5:$L$504,'DETAIL TRANSAKSI'!$P$5:$P$504,A29,'DETAIL TRANSAKSI'!$Q$5:$Q$504,"Lunas")) -> 0 | G29: =IF(A29="","",SUMIFS(PENGELUARAN!$E$5:$E$504,PENGELUARAN!$B$5:$B$504,A29,PENGELUARAN!$I$5:$I$504,"Ya")+SUMIFS('PERGERAKAN STOK'!$M$5:$M$504,'PERGERAKAN STOK'!$B$5:$B$504,">="&A29,'PERGERAKAN STOK'!$B$5:$B$504,"<"&(A29+1))) -> 0 | H29: =IF(A29="","",E29-F29-G29) -> 0
A30: =IF(MONTH(A29+1)=MONTH($B$3),A29+1,"") -> 46305 | B30: =IF(A30="","",SUMIFS('TRANSAKSI PENJUALAN'!$H$5:$H$504,'TRANSAKSI PENJUALAN'!$B$5:$B$504,A30,'TRANSAKSI PENJUALAN'!$M$5:$M$504,"Lunas")) -> 0 | C30: =IF(A30="","",SUMIFS('TRANSAKSI PENJUALAN'!$I$5:$I$504,'TRANSAKSI PENJUALAN'!$B$5:$B$504,A30,'TRANSAKSI PENJUALAN'!$M$5:$M$504,"Lunas")) -> 0 | D30: =IF(A30="","",SUMIFS('TRANSAKSI PENJUALAN'!$J$5:$J$504,'TRANSAKSI PENJUALAN'!$B$5:$B$504,A30,'TRANSAKSI PENJUALAN'!$M$5:$M$504,"Lunas")) -> 0 | E30: =IF(A30="","",SUMIFS('TRANSAKSI PENJUALAN'!$K$5:$K$504,'TRANSAKSI PENJUALAN'!$B$5:$B$504,A30,'TRANSAKSI PENJUALAN'!$M$5:$M$504,"Lunas")) -> 0 | F30: =IF(A30="","",SUMIFS('DETAIL TRANSAKSI'!$L$5:$L$504,'DETAIL TRANSAKSI'!$P$5:$P$504,A30,'DETAIL TRANSAKSI'!$Q$5:$Q$504,"Lunas")) -> 0 | G30: =IF(A30="","",SUMIFS(PENGELUARAN!$E$5:$E$504,PENGELUARAN!$B$5:$B$504,A30,PENGELUARAN!$I$5:$I$504,"Ya")+SUMIFS('PERGERAKAN STOK'!$M$5:$M$504,'PERGERAKAN STOK'!$B$5:$B$504,">="&A30,'PERGERAKAN STOK'!$B$5:$B$504,"<"&(A30+1))) -> 0 | H30: =IF(A30="","",E30-F30-G30) -> 0
A31: =IF(MONTH(A30+1)=MONTH($B$3),A30+1,"") -> 46306 | B31: =IF(A31="","",SUMIFS('TRANSAKSI PENJUALAN'!$H$5:$H$504,'TRANSAKSI PENJUALAN'!$B$5:$B$504,A31,'TRANSAKSI PENJUALAN'!$M$5:$M$504,"Lunas")) -> 0 | C31: =IF(A31="","",SUMIFS('TRANSAKSI PENJUALAN'!$I$5:$I$504,'TRANSAKSI PENJUALAN'!$B$5:$B$504,A31,'TRANSAKSI PENJUALAN'!$M$5:$M$504,"Lunas")) -> 0 | D31: =IF(A31="","",SUMIFS('TRANSAKSI PENJUALAN'!$J$5:$J$504,'TRANSAKSI PENJUALAN'!$B$5:$B$504,A31,'TRANSAKSI PENJUALAN'!$M$5:$M$504,"Lunas")) -> 0 | E31: =IF(A31="","",SUMIFS('TRANSAKSI PENJUALAN'!$K$5:$K$504,'TRANSAKSI PENJUALAN'!$B$5:$B$504,A31,'TRANSAKSI PENJUALAN'!$M$5:$M$504,"Lunas")) -> 0 | F31: =IF(A31="","",SUMIFS('DETAIL TRANSAKSI'!$L$5:$L$504,'DETAIL TRANSAKSI'!$P$5:$P$504,A31,'DETAIL TRANSAKSI'!$Q$5:$Q$504,"Lunas")) -> 0 | G31: =IF(A31="","",SUMIFS(PENGELUARAN!$E$5:$E$504,PENGELUARAN!$B$5:$B$504,A31,PENGELUARAN!$I$5:$I$504,"Ya")+SUMIFS('PERGERAKAN STOK'!$M$5:$M$504,'PERGERAKAN STOK'!$B$5:$B$504,">="&A31,'PERGERAKAN STOK'!$B$5:$B$504,"<"&(A31+1))) -> 0 | H31: =IF(A31="","",E31-F31-G31) -> 0
A32: =IF(MONTH(A31+1)=MONTH($B$3),A31+1,"") -> 46307 | B32: =IF(A32="","",SUMIFS('TRANSAKSI PENJUALAN'!$H$5:$H$504,'TRANSAKSI PENJUALAN'!$B$5:$B$504,A32,'TRANSAKSI PENJUALAN'!$M$5:$M$504,"Lunas")) -> 0 | C32: =IF(A32="","",SUMIFS('TRANSAKSI PENJUALAN'!$I$5:$I$504,'TRANSAKSI PENJUALAN'!$B$5:$B$504,A32,'TRANSAKSI PENJUALAN'!$M$5:$M$504,"Lunas")) -> 0 | D32: =IF(A32="","",SUMIFS('TRANSAKSI PENJUALAN'!$J$5:$J$504,'TRANSAKSI PENJUALAN'!$B$5:$B$504,A32,'TRANSAKSI PENJUALAN'!$M$5:$M$504,"Lunas")) -> 0 | E32: =IF(A32="","",SUMIFS('TRANSAKSI PENJUALAN'!$K$5:$K$504,'TRANSAKSI PENJUALAN'!$B$5:$B$504,A32,'TRANSAKSI PENJUALAN'!$M$5:$M$504,"Lunas")) -> 0 | F32: =IF(A32="","",SUMIFS('DETAIL TRANSAKSI'!$L$5:$L$504,'DETAIL TRANSAKSI'!$P$5:$P$504,A32,'DETAIL TRANSAKSI'!$Q$5:$Q$504,"Lunas")) -> 0 | G32: =IF(A32="","",SUMIFS(PENGELUARAN!$E$5:$E$504,PENGELUARAN!$B$5:$B$504,A32,PENGELUARAN!$I$5:$I$504,"Ya")+SUMIFS('PERGERAKAN STOK'!$M$5:$M$504,'PERGERAKAN STOK'!$B$5:$B$504,">="&A32,'PERGERAKAN STOK'!$B$5:$B$504,"<"&(A32+1))) -> 0 | H32: =IF(A32="","",E32-F32-G32) -> 0
A33: =IF(MONTH(A32+1)=MONTH($B$3),A32+1,"") -> 46308 | B33: =IF(A33="","",SUMIFS('TRANSAKSI PENJUALAN'!$H$5:$H$504,'TRANSAKSI PENJUALAN'!$B$5:$B$504,A33,'TRANSAKSI PENJUALAN'!$M$5:$M$504,"Lunas")) -> 0 | C33: =IF(A33="","",SUMIFS('TRANSAKSI PENJUALAN'!$I$5:$I$504,'TRANSAKSI PENJUALAN'!$B$5:$B$504,A33,'TRANSAKSI PENJUALAN'!$M$5:$M$504,"Lunas")) -> 0 | D33: =IF(A33="","",SUMIFS('TRANSAKSI PENJUALAN'!$J$5:$J$504,'TRANSAKSI PENJUALAN'!$B$5:$B$504,A33,'TRANSAKSI PENJUALAN'!$M$5:$M$504,"Lunas")) -> 0 | E33: =IF(A33="","",SUMIFS('TRANSAKSI PENJUALAN'!$K$5:$K$504,'TRANSAKSI PENJUALAN'!$B$5:$B$504,A33,'TRANSAKSI PENJUALAN'!$M$5:$M$504,"Lunas")) -> 0 | F33: =IF(A33="","",SUMIFS('DETAIL TRANSAKSI'!$L$5:$L$504,'DETAIL TRANSAKSI'!$P$5:$P$504,A33,'DETAIL TRANSAKSI'!$Q$5:$Q$504,"Lunas")) -> 0 | G33: =IF(A33="","",SUMIFS(PENGELUARAN!$E$5:$E$504,PENGELUARAN!$B$5:$B$504,A33,PENGELUARAN!$I$5:$I$504,"Ya")+SUMIFS('PERGERAKAN STOK'!$M$5:$M$504,'PERGERAKAN STOK'!$B$5:$B$504,">="&A33,'PERGERAKAN STOK'!$B$5:$B$504,"<"&(A33+1))) -> 0 | H33: =IF(A33="","",E33-F33-G33) -> 0
... A51: =IF(MONTH(A50+1)=MONTH($B$3),A50+1,"") -> 46326 | B51: =IF(A51="","",SUMIFS('TRANSAKSI PENJUALAN'!$H$5:$H$504,'TRANSAKSI PENJUALAN'!$B$5:$B$504,A51,'TRANSAKSI PENJUALAN'!$M$5:$M$504,"Lunas")) -> 0 | C51: =IF(A51="","",SUMIFS('TRANSAKSI PENJUALAN'!$I$5:$I$504,'TRANSAKSI PENJUALAN'!$B$5:$B$504,A51,'TRANSAKSI PENJUALAN'!$M$5:$M$504,"Lunas")) -> 0 | D51: =IF(A51="","",SUMIFS('TRANSAKSI PENJUALAN'!$J$5:$J$504,'TRANSAKSI PENJUALAN'!$B$5:$B$504,A51,'TRANSAKSI PENJUALAN'!$M$5:$M$504,"Lunas")) -> 0 | E51: =IF(A51="","",SUMIFS('TRANSAKSI PENJUALAN'!$K$5:$K$504,'TRANSAKSI PENJUALAN'!$B$5:$B$504,A51,'TRANSAKSI PENJUALAN'!$M$5:$M$504,"Lunas")) -> 0 | F51: =IF(A51="","",SUMIFS('DETAIL TRANSAKSI'!$L$5:$L$504,'DETAIL TRANSAKSI'!$P$5:$P$504,A51,'DETAIL TRANSAKSI'!$Q$5:$Q$504,"Lunas")) -> 0 | G51: =IF(A51="","",SUMIFS(PENGELUARAN!$E$5:$E$504,PENGELUARAN!$B$5:$B$504,A51,PENGELUARAN!$I$5:$I$504,"Ya")+SUMIFS('PERGERAKAN STOK'!$M$5:$M$504,'PERGERAKAN STOK'!$B$5:$B$504,">="&A51,'PERGERAKAN STOK'!$B$5:$B$504,"<"&(A51+1))) -> 0 | H51: =IF(A51="","",E51-F51-G51) -> 0
C54: Menu | D54: Porsi bulan
C55: =IF('MASTER MENU'!A5="","",'MASTER MENU'!B5) -> Kopi Susu Gula Aren | D55: =IF(C55="","",SUMIFS('DETAIL TRANSAKSI'!$E$5:$E$504,'DETAIL TRANSAKSI'!$B$5:$B$504,'MASTER MENU'!A5,'DETAIL TRANSAKSI'!$P$5:$P$504,">="&DATE(YEAR($B$3),MONTH($B$3),1),'DETAIL TRANSAKSI'!$P$5:$P$504,"<"&EDATE(DATE(YEAR($B$3),MONTH($B$3),1),1),'DETAIL TRANSAKSI'!$Q$5:$Q$504,"Lunas")) -> 1 | E55: =IF(D55>0,D55,"") -> 1
C56: =IF('MASTER MENU'!A6="","",'MASTER MENU'!B6) -> Americano | D56: =IF(C56="","",SUMIFS('DETAIL TRANSAKSI'!$E$5:$E$504,'DETAIL TRANSAKSI'!$B$5:$B$504,'MASTER MENU'!A6,'DETAIL TRANSAKSI'!$P$5:$P$504,">="&DATE(YEAR($B$3),MONTH($B$3),1),'DETAIL TRANSAKSI'!$P$5:$P$504,"<"&EDATE(DATE(YEAR($B$3),MONTH($B$3),1),1),'DETAIL TRANSAKSI'!$Q$5:$Q$504,"Lunas")) -> 1 | E56: =IF(D56>0,D56,"") -> 1
C57: =IF('MASTER MENU'!A7="","",'MASTER MENU'!B7) -> Latte | D57: =IF(C57="","",SUMIFS('DETAIL TRANSAKSI'!$E$5:$E$504,'DETAIL TRANSAKSI'!$B$5:$B$504,'MASTER MENU'!A7,'DETAIL TRANSAKSI'!$P$5:$P$504,">="&DATE(YEAR($B$3),MONTH($B$3),1),'DETAIL TRANSAKSI'!$P$5:$P$504,"<"&EDATE(DATE(YEAR($B$3),MONTH($B$3),1),1),'DETAIL TRANSAKSI'!$Q$5:$Q$504,"Lunas")) -> 1 | E57: =IF(D57>0,D57,"") -> 1
C58: =IF('MASTER MENU'!A8="","",'MASTER MENU'!B8) -> Matcha Latte | D58: =IF(C58="","",SUMIFS('DETAIL TRANSAKSI'!$E$5:$E$504,'DETAIL TRANSAKSI'!$B$5:$B$504,'MASTER MENU'!A8,'DETAIL TRANSAKSI'!$P$5:$P$504,">="&DATE(YEAR($B$3),MONTH($B$3),1),'DETAIL TRANSAKSI'!$P$5:$P$504,"<"&EDATE(DATE(YEAR($B$3),MONTH($B$3),1),1),'DETAIL TRANSAKSI'!$Q$5:$Q$504,"Lunas")) -> 1 | E58: =IF(D58>0,D58,"") -> 1
C59: =IF('MASTER MENU'!A9="","",'MASTER MENU'!B9) -> Teh Lemon | D59: =IF(C59="","",SUMIFS('DETAIL TRANSAKSI'!$E$5:$E$504,'DETAIL TRANSAKSI'!$B$5:$B$504,'MASTER MENU'!A9,'DETAIL TRANSAKSI'!$P$5:$P$504,">="&DATE(YEAR($B$3),MONTH($B$3),1),'DETAIL TRANSAKSI'!$P$5:$P$504,"<"&EDATE(DATE(YEAR($B$3),MONTH($B$3),1),1),'DETAIL TRANSAKSI'!$Q$5:$Q$504,"Lunas")) -> 1 | E59: =IF(D59>0,D59,"") -> 1
C60: =IF('MASTER MENU'!A10="","",'MASTER MENU'!B10) -> Croissant Butter | D60: =IF(C60="","",SUMIFS('DETAIL TRANSAKSI'!$E$5:$E$504,'DETAIL TRANSAKSI'!$B$5:$B$504,'MASTER MENU'!A10,'DETAIL TRANSAKSI'!$P$5:$P$504,">="&DATE(YEAR($B$3),MONTH($B$3),1),'DETAIL TRANSAKSI'!$P$5:$P$504,"<"&EDATE(DATE(YEAR($B$3),MONTH($B$3),1),1),'DETAIL TRANSAKSI'!$Q$5:$Q$504,"Lunas")) -> 1 | E60: =IF(D60>0,D60,"") -> 1
C61: =IF('MASTER MENU'!A11="","",'MASTER MENU'!B11) -> Nasi Goreng | D61: =IF(C61="","",SUMIFS('DETAIL TRANSAKSI'!$E$5:$E$504,'DETAIL TRANSAKSI'!$B$5:$B$504,'MASTER MENU'!A11,'DETAIL TRANSAKSI'!$P$5:$P$504,">="&DATE(YEAR($B$3),MONTH($B$3),1),'DETAIL TRANSAKSI'!$P$5:$P$504,"<"&EDATE(DATE(YEAR($B$3),MONTH($B$3),1),1),'DETAIL TRANSAKSI'!$Q$5:$Q$504,"Lunas")) -> 1 | E61: =IF(D61>0,D61,"") -> 1
C62: =IF('MASTER MENU'!A12="","",'MASTER MENU'!B12) -> Kentang Goreng | D62: =IF(C62="","",SUMIFS('DETAIL TRANSAKSI'!$E$5:$E$504,'DETAIL TRANSAKSI'!$B$5:$B$504,'MASTER MENU'!A12,'DETAIL TRANSAKSI'!$P$5:$P$504,">="&DATE(YEAR($B$3),MONTH($B$3),1),'DETAIL TRANSAKSI'!$P$5:$P$504,"<"&EDATE(DATE(YEAR($B$3),MONTH($B$3),1),1),'DETAIL TRANSAKSI'!$Q$5:$Q$504,"Lunas")) -> 1 | E62: =IF(D62>0,D62,"") -> 1
C63: =IF('MASTER MENU'!A13="","",'MASTER MENU'!B13) -> Espresso | D63: =IF(C63="","",SUMIFS('DETAIL TRANSAKSI'!$E$5:$E$504,'DETAIL TRANSAKSI'!$B$5:$B$504,'MASTER MENU'!A13,'DETAIL TRANSAKSI'!$P$5:$P$504,">="&DATE(YEAR($B$3),MONTH($B$3),1),'DETAIL TRANSAKSI'!$P$5:$P$504,"<"&EDATE(DATE(YEAR($B$3),MONTH($B$3),1),1),'DETAIL TRANSAKSI'!$Q$5:$Q$504,"Lunas")) -> 1 | E63: =IF(D63>0,D63,"") -> 1
C64: =IF('MASTER MENU'!A14="","",'MASTER MENU'!B14) -> Roti Bakar | D64: =IF(C64="","",SUMIFS('DETAIL TRANSAKSI'!$E$5:$E$504,'DETAIL TRANSAKSI'!$B$5:$B$504,'MASTER MENU'!A14,'DETAIL TRANSAKSI'!$P$5:$P$504,">="&DATE(YEAR($B$3),MONTH($B$3),1),'DETAIL TRANSAKSI'!$P$5:$P$504,"<"&EDATE(DATE(YEAR($B$3),MONTH($B$3),1),1),'DETAIL TRANSAKSI'!$Q$5:$Q$504,"Lunas")) -> 1 | E64: =IF(D64>0,D64,"") -> 1
C65: =IF('MASTER MENU'!A15="","",'MASTER MENU'!B15) | D65: =IF(C65="","",SUMIFS('DETAIL TRANSAKSI'!$E$5:$E$504,'DETAIL TRANSAKSI'!$B$5:$B$504,'MASTER MENU'!A15,'DETAIL TRANSAKSI'!$P$5:$P$504,">="&DATE(YEAR($B$3),MONTH($B$3),1),'DETAIL TRANSAKSI'!$P$5:$P$504,"<"&EDATE(DATE(YEAR($B$3),MONTH($B$3),1),1),'DETAIL TRANSAKSI'!$Q$5:$Q$504,"Lunas")) | E65: =IF(D65>0,D65,"")
C66: =IF('MASTER MENU'!A16="","",'MASTER MENU'!B16) | D66: =IF(C66="","",SUMIFS('DETAIL TRANSAKSI'!$E$5:$E$504,'DETAIL TRANSAKSI'!$B$5:$B$504,'MASTER MENU'!A16,'DETAIL TRANSAKSI'!$P$5:$P$504,">="&DATE(YEAR($B$3),MONTH($B$3),1),'DETAIL TRANSAKSI'!$P$5:$P$504,"<"&EDATE(DATE(YEAR($B$3),MONTH($B$3),1),1),'DETAIL TRANSAKSI'!$Q$5:$Q$504,"Lunas")) | E66: =IF(D66>0,D66,"")
... C114: =IF('MASTER MENU'!A64="","",'MASTER MENU'!B64) | D114: =IF(C114="","",SUMIFS('DETAIL TRANSAKSI'!$E$5:$E$504,'DETAIL TRANSAKSI'!$B$5:$B$504,'MASTER MENU'!A64,'DETAIL TRANSAKSI'!$P$5:$P$504,">="&DATE(YEAR($B$3),MONTH($B$3),1),'DETAIL TRANSAKSI'!$P$5:$P$504,"<"&EDATE(DATE(YEAR($B$3),MONTH($B$3),1),1),'DETAIL TRANSAKSI'!$Q$5:$Q$504,"Lunas")) | E114: =IF(D114>0,D114,"")

Sheet DASHBOARD OWNER
A1: DASHBOARD OWNER
A2: Pilih tanggal awal B3 dan akhir D3. KPI dan grafik mengikuti periode yang dipilih.
A3: Awal WIB | B3: 46296 | C3: Akhir WIB | D3: 46325
A5: Omzet kotor | B5: =SUMIFS('TRANSAKSI PENJUALAN'!$H$5:$H$504,'TRANSAKSI PENJUALAN'!$B$5:$B$504,">="&$B$3,'TRANSAKSI PENJUALAN'!$B$5:$B$504,"<="&$D$3,'TRANSAKSI PENJUALAN'!$M$5:$M$504,"Lunas") -> 279000
A6: Penjualan bersih | B6: =SUMIFS('TRANSAKSI PENJUALAN'!$K$5:$K$504,'TRANSAKSI PENJUALAN'!$B$5:$B$504,">="&$B$3,'TRANSAKSI PENJUALAN'!$B$5:$B$504,"<="&$D$3,'TRANSAKSI PENJUALAN'!$M$5:$M$504,"Lunas") -> 272000
A7: HPP | B7: =SUMIFS('DETAIL TRANSAKSI'!$L$5:$L$504,'DETAIL TRANSAKSI'!$P$5:$P$504,">="&$B$3,'DETAIL TRANSAKSI'!$P$5:$P$504,"<="&$D$3,'DETAIL TRANSAKSI'!$Q$5:$Q$504,"Lunas") -> 53490
A8: Laba kotor | B8: =B6-B7 -> 218510
A9: Biaya operasional | B9: =SUMIFS(PENGELUARAN!$E$5:$E$504,PENGELUARAN!$B$5:$B$504,">="&$B$3,PENGELUARAN!$B$5:$B$504,"<="&$D$3,PENGELUARAN!$I$5:$I$504,"Ya") -> 8000
A10: Estimasi laba bersih | B10: =B8-B9-SUMIFS('PERGERAKAN STOK'!$M$5:$M$504,'PERGERAKAN STOK'!$B$5:$B$504,">="&$B$3,'PERGERAKAN STOK'!$B$5:$B$504,"<"&($D$3+1)) -> 210030
A11: Transaksi | B11: =COUNTIFS('TRANSAKSI PENJUALAN'!$B$5:$B$504,">="&$B$3,'TRANSAKSI PENJUALAN'!$B$5:$B$504,"<="&$D$3,'TRANSAKSI PENJUALAN'!$M$5:$M$504,"Lunas") -> 10
A12: Stok menipis/habis | B12: ='LAPORAN BULANAN'!B15 -> 0
A13: Selisih kas | B13: =SUMIFS('SHIFT KASIR'!$L$5:$L$504,'SHIFT KASIR'!$B$5:$B$504,">="&$B$3,'SHIFT KASIR'!$B$5:$B$504,"<="&$D$3) -> 0
A14: Shift Kurang | B14: =COUNTIFS('SHIFT KASIR'!$M$5:$M$504,"Kurang",'SHIFT KASIR'!$B$5:$B$504,">="&$B$3,'SHIFT KASIR'!$B$5:$B$504,"<="&$D$3) -> 0
A17: Tanggal | B17: Penjualan bersih | C17: Laba estimasi | E17: Metode bayar | F17: Bersih | G17: Tanggal | H17: Laba estimasi
A18: =$B$3 -> 46296 | B18: =IF(A18="","",SUMIFS('TRANSAKSI PENJUALAN'!$K$5:$K$504,'TRANSAKSI PENJUALAN'!$B$5:$B$504,A18,'TRANSAKSI PENJUALAN'!$M$5:$M$504,"Lunas")) -> 0 | C18: =IF(A18="","",B18-SUMIFS('DETAIL TRANSAKSI'!$L$5:$L$504,'DETAIL TRANSAKSI'!$P$5:$P$504,A18,'DETAIL TRANSAKSI'!$Q$5:$Q$504,"Lunas")-SUMIFS(PENGELUARAN!$E$5:$E$504,PENGELUARAN!$B$5:$B$504,A18,PENGELUARAN!$I$5:$I$504,"Ya")-SUMIFS('PERGERAKAN STOK'!$M$5:$M$504,'PERGERAKAN STOK'!$B$5:$B$504,">="&A18,'PERGERAKAN STOK'!$B$5:$B$504,"<"&(A18+1))) -> 0 | E18: Tunai | F18: =SUMIFS('TRANSAKSI PENJUALAN'!$K$5:$K$504,'TRANSAKSI PENJUALAN'!$L$5:$L$504,E18,'TRANSAKSI PENJUALAN'!$B$5:$B$504,">="&$B$3,'TRANSAKSI PENJUALAN'!$B$5:$B$504,"<="&$D$3,'TRANSAKSI PENJUALAN'!$M$5:$M$504,"Lunas") -> 122000 | G18: =A18 -> 46296 | H18: =C18 -> 0
A19: =IF(A18<$D$3,A18+1,"") -> 46297 | B19: =IF(A19="","",SUMIFS('TRANSAKSI PENJUALAN'!$K$5:$K$504,'TRANSAKSI PENJUALAN'!$B$5:$B$504,A19,'TRANSAKSI PENJUALAN'!$M$5:$M$504,"Lunas")) -> 0 | C19: =IF(A19="","",B19-SUMIFS('DETAIL TRANSAKSI'!$L$5:$L$504,'DETAIL TRANSAKSI'!$P$5:$P$504,A19,'DETAIL TRANSAKSI'!$Q$5:$Q$504,"Lunas")-SUMIFS(PENGELUARAN!$E$5:$E$504,PENGELUARAN!$B$5:$B$504,A19,PENGELUARAN!$I$5:$I$504,"Ya")-SUMIFS('PERGERAKAN STOK'!$M$5:$M$504,'PERGERAKAN STOK'!$B$5:$B$504,">="&A19,'PERGERAKAN STOK'!$B$5:$B$504,"<"&(A19+1))) -> 0 | E19: QRIS | F19: =SUMIFS('TRANSAKSI PENJUALAN'!$K$5:$K$504,'TRANSAKSI PENJUALAN'!$L$5:$L$504,E19,'TRANSAKSI PENJUALAN'!$B$5:$B$504,">="&$B$3,'TRANSAKSI PENJUALAN'!$B$5:$B$504,"<="&$D$3,'TRANSAKSI PENJUALAN'!$M$5:$M$504,"Lunas") -> 73000 | G19: =A19 -> 46297 | H19: =C19 -> 0
A20: =IF(A19<$D$3,A19+1,"") -> 46298 | B20: =IF(A20="","",SUMIFS('TRANSAKSI PENJUALAN'!$K$5:$K$504,'TRANSAKSI PENJUALAN'!$B$5:$B$504,A20,'TRANSAKSI PENJUALAN'!$M$5:$M$504,"Lunas")) -> 0 | C20: =IF(A20="","",B20-SUMIFS('DETAIL TRANSAKSI'!$L$5:$L$504,'DETAIL TRANSAKSI'!$P$5:$P$504,A20,'DETAIL TRANSAKSI'!$Q$5:$Q$504,"Lunas")-SUMIFS(PENGELUARAN!$E$5:$E$504,PENGELUARAN!$B$5:$B$504,A20,PENGELUARAN!$I$5:$I$504,"Ya")-SUMIFS('PERGERAKAN STOK'!$M$5:$M$504,'PERGERAKAN STOK'!$B$5:$B$504,">="&A20,'PERGERAKAN STOK'!$B$5:$B$504,"<"&(A20+1))) -> 0 | E20: Debit | F20: =SUMIFS('TRANSAKSI PENJUALAN'!$K$5:$K$504,'TRANSAKSI PENJUALAN'!$L$5:$L$504,E20,'TRANSAKSI PENJUALAN'!$B$5:$B$504,">="&$B$3,'TRANSAKSI PENJUALAN'!$B$5:$B$504,"<="&$D$3,'TRANSAKSI PENJUALAN'!$M$5:$M$504,"Lunas") -> 77000 | G20: =A20 -> 46298 | H20: =C20 -> 0
A21: =IF(A20<$D$3,A20+1,"") -> 46299 | B21: =IF(A21="","",SUMIFS('TRANSAKSI PENJUALAN'!$K$5:$K$504,'TRANSAKSI PENJUALAN'!$B$5:$B$504,A21,'TRANSAKSI PENJUALAN'!$M$5:$M$504,"Lunas")) -> 0 | C21: =IF(A21="","",B21-SUMIFS('DETAIL TRANSAKSI'!$L$5:$L$504,'DETAIL TRANSAKSI'!$P$5:$P$504,A21,'DETAIL TRANSAKSI'!$Q$5:$Q$504,"Lunas")-SUMIFS(PENGELUARAN!$E$5:$E$504,PENGELUARAN!$B$5:$B$504,A21,PENGELUARAN!$I$5:$I$504,"Ya")-SUMIFS('PERGERAKAN STOK'!$M$5:$M$504,'PERGERAKAN STOK'!$B$5:$B$504,">="&A21,'PERGERAKAN STOK'!$B$5:$B$504,"<"&(A21+1))) -> 0 | E21: Kredit | F21: =SUMIFS('TRANSAKSI PENJUALAN'!$K$5:$K$504,'TRANSAKSI PENJUALAN'!$L$5:$L$504,E21,'TRANSAKSI PENJUALAN'!$B$5:$B$504,">="&$B$3,'TRANSAKSI PENJUALAN'!$B$5:$B$504,"<="&$D$3,'TRANSAKSI PENJUALAN'!$M$5:$M$504,"Lunas") -> 0 | G21: =A21 -> 46299 | H21: =C21 -> 0
A22: =IF(A21<$D$3,A21+1,"") -> 46300 | B22: =IF(A22="","",SUMIFS('TRANSAKSI PENJUALAN'!$K$5:$K$504,'TRANSAKSI PENJUALAN'!$B$5:$B$504,A22,'TRANSAKSI PENJUALAN'!$M$5:$M$504,"Lunas")) -> 0 | C22: =IF(A22="","",B22-SUMIFS('DETAIL TRANSAKSI'!$L$5:$L$504,'DETAIL TRANSAKSI'!$P$5:$P$504,A22,'DETAIL TRANSAKSI'!$Q$5:$Q$504,"Lunas")-SUMIFS(PENGELUARAN!$E$5:$E$504,PENGELUARAN!$B$5:$B$504,A22,PENGELUARAN!$I$5:$I$504,"Ya")-SUMIFS('PERGERAKAN STOK'!$M$5:$M$504,'PERGERAKAN STOK'!$B$5:$B$504,">="&A22,'PERGERAKAN STOK'!$B$5:$B$504,"<"&(A22+1))) -> 0 | E22: Transfer | F22: =SUMIFS('TRANSAKSI PENJUALAN'!$K$5:$K$504,'TRANSAKSI PENJUALAN'!$L$5:$L$504,E22,'TRANSAKSI PENJUALAN'!$B$5:$B$504,">="&$B$3,'TRANSAKSI PENJUALAN'!$B$5:$B$504,"<="&$D$3,'TRANSAKSI PENJUALAN'!$M$5:$M$504,"Lunas") -> 0 | G22: =A22 -> 46300 | H22: =C22 -> 0
A23: =IF(A22<$D$3,A22+1,"") -> 46301 | B23: =IF(A23="","",SUMIFS('TRANSAKSI PENJUALAN'!$K$5:$K$504,'TRANSAKSI PENJUALAN'!$B$5:$B$504,A23,'TRANSAKSI PENJUALAN'!$M$5:$M$504,"Lunas")) -> 0 | C23: =IF(A23="","",B23-SUMIFS('DETAIL TRANSAKSI'!$L$5:$L$504,'DETAIL TRANSAKSI'!$P$5:$P$504,A23,'DETAIL TRANSAKSI'!$Q$5:$Q$504,"Lunas")-SUMIFS(PENGELUARAN!$E$5:$E$504,PENGELUARAN!$B$5:$B$504,A23,PENGELUARAN!$I$5:$I$504,"Ya")-SUMIFS('PERGERAKAN STOK'!$M$5:$M$504,'PERGERAKAN STOK'!$B$5:$B$504,">="&A23,'PERGERAKAN STOK'!$B$5:$B$504,"<"&(A23+1))) -> 0 | E23: E-wallet | F23: =SUMIFS('TRANSAKSI PENJUALAN'!$K$5:$K$504,'TRANSAKSI PENJUALAN'!$L$5:$L$504,E23,'TRANSAKSI PENJUALAN'!$B$5:$B$504,">="&$B$3,'TRANSAKSI PENJUALAN'!$B$5:$B$504,"<="&$D$3,'TRANSAKSI PENJUALAN'!$M$5:$M$504,"Lunas") -> 0 | G23: =A23 -> 46301 | H23: =C23 -> 0
A24: =IF(A23<$D$3,A23+1,"") -> 46302 | B24: =IF(A24="","",SUMIFS('TRANSAKSI PENJUALAN'!$K$5:$K$504,'TRANSAKSI PENJUALAN'!$B$5:$B$504,A24,'TRANSAKSI PENJUALAN'!$M$5:$M$504,"Lunas")) -> 0 | C24: =IF(A24="","",B24-SUMIFS('DETAIL TRANSAKSI'!$L$5:$L$504,'DETAIL TRANSAKSI'!$P$5:$P$504,A24,'DETAIL TRANSAKSI'!$Q$5:$Q$504,"Lunas")-SUMIFS(PENGELUARAN!$E$5:$E$504,PENGELUARAN!$B$5:$B$504,A24,PENGELUARAN!$I$5:$I$504,"Ya")-SUMIFS('PERGERAKAN STOK'!$M$5:$M$504,'PERGERAKAN STOK'!$B$5:$B$504,">="&A24,'PERGERAKAN STOK'!$B$5:$B$504,"<"&(A24+1))) -> 0 | G24: =A24 -> 46302 | H24: =C24 -> 0
A25: =IF(A24<$D$3,A24+1,"") -> 46303 | B25: =IF(A25="","",SUMIFS('TRANSAKSI PENJUALAN'!$K$5:$K$504,'TRANSAKSI PENJUALAN'!$B$5:$B$504,A25,'TRANSAKSI PENJUALAN'!$M$5:$M$504,"Lunas")) -> 0 | C25: =IF(A25="","",B25-SUMIFS('DETAIL TRANSAKSI'!$L$5:$L$504,'DETAIL TRANSAKSI'!$P$5:$P$504,A25,'DETAIL TRANSAKSI'!$Q$5:$Q$504,"Lunas")-SUMIFS(PENGELUARAN!$E$5:$E$504,PENGELUARAN!$B$5:$B$504,A25,PENGELUARAN!$I$5:$I$504,"Ya")-SUMIFS('PERGERAKAN STOK'!$M$5:$M$504,'PERGERAKAN STOK'!$B$5:$B$504,">="&A25,'PERGERAKAN STOK'!$B$5:$B$504,"<"&(A25+1))) -> 0 | E25: Menu terlaris | F25: =IF(MAX(F28:F87)=0,"Belum ada",INDEX(E28:E87,MATCH(MAX(F28:F87),F28:F87,0))) -> Kopi Susu Gula Aren | G25: =A25 -> 46303 | H25: =C25 -> 0
A26: =IF(A25<$D$3,A25+1,"") -> 46304 | B26: =IF(A26="","",SUMIFS('TRANSAKSI PENJUALAN'!$K$5:$K$504,'TRANSAKSI PENJUALAN'!$B$5:$B$504,A26,'TRANSAKSI PENJUALAN'!$M$5:$M$504,"Lunas")) -> 0 | C26: =IF(A26="","",B26-SUMIFS('DETAIL TRANSAKSI'!$L$5:$L$504,'DETAIL TRANSAKSI'!$P$5:$P$504,A26,'DETAIL TRANSAKSI'!$Q$5:$Q$504,"Lunas")-SUMIFS(PENGELUARAN!$E$5:$E$504,PENGELUARAN!$B$5:$B$504,A26,PENGELUARAN!$I$5:$I$504,"Ya")-SUMIFS('PERGERAKAN STOK'!$M$5:$M$504,'PERGERAKAN STOK'!$B$5:$B$504,">="&A26,'PERGERAKAN STOK'!$B$5:$B$504,"<"&(A26+1))) -> 0 | G26: =A26 -> 46304 | H26: =C26 -> 0
A27: =IF(A26<$D$3,A26+1,"") -> 46305 | B27: =IF(A27="","",SUMIFS('TRANSAKSI PENJUALAN'!$K$5:$K$504,'TRANSAKSI PENJUALAN'!$B$5:$B$504,A27,'TRANSAKSI PENJUALAN'!$M$5:$M$504,"Lunas")) -> 0 | C27: =IF(A27="","",B27-SUMIFS('DETAIL TRANSAKSI'!$L$5:$L$504,'DETAIL TRANSAKSI'!$P$5:$P$504,A27,'DETAIL TRANSAKSI'!$Q$5:$Q$504,"Lunas")-SUMIFS(PENGELUARAN!$E$5:$E$504,PENGELUARAN!$B$5:$B$504,A27,PENGELUARAN!$I$5:$I$504,"Ya")-SUMIFS('PERGERAKAN STOK'!$M$5:$M$504,'PERGERAKAN STOK'!$B$5:$B$504,">="&A27,'PERGERAKAN STOK'!$B$5:$B$504,"<"&(A27+1))) -> 0 | E27: Menu | F27: Terjual | G27: =A27 -> 46305 | H27: =C27 -> 0
A28: =IF(A27<$D$3,A27+1,"") -> 46306 | B28: =IF(A28="","",SUMIFS('TRANSAKSI PENJUALAN'!$K$5:$K$504,'TRANSAKSI PENJUALAN'!$B$5:$B$504,A28,'TRANSAKSI PENJUALAN'!$M$5:$M$504,"Lunas")) -> 0 | C28: =IF(A28="","",B28-SUMIFS('DETAIL TRANSAKSI'!$L$5:$L$504,'DETAIL TRANSAKSI'!$P$5:$P$504,A28,'DETAIL TRANSAKSI'!$Q$5:$Q$504,"Lunas")-SUMIFS(PENGELUARAN!$E$5:$E$504,PENGELUARAN!$B$5:$B$504,A28,PENGELUARAN!$I$5:$I$504,"Ya")-SUMIFS('PERGERAKAN STOK'!$M$5:$M$504,'PERGERAKAN STOK'!$B$5:$B$504,">="&A28,'PERGERAKAN STOK'!$B$5:$B$504,"<"&(A28+1))) -> 0 | E28: =IF('MASTER MENU'!A5="","",'MASTER MENU'!B5) -> Kopi Susu Gula Aren | F28: =IF(E28="","",SUMIFS('DETAIL TRANSAKSI'!$E$5:$E$504,'DETAIL TRANSAKSI'!$B$5:$B$504,'MASTER MENU'!A5,'DETAIL TRANSAKSI'!$P$5:$P$504,">="&$B$3,'DETAIL TRANSAKSI'!$P$5:$P$504,"<="&$D$3,'DETAIL TRANSAKSI'!$Q$5:$Q$504,"Lunas")) -> 1 | G28: =A28 -> 46306 | H28: =C28 -> 0
A29: =IF(A28<$D$3,A28+1,"") -> 46307 | B29: =IF(A29="","",SUMIFS('TRANSAKSI PENJUALAN'!$K$5:$K$504,'TRANSAKSI PENJUALAN'!$B$5:$B$504,A29,'TRANSAKSI PENJUALAN'!$M$5:$M$504,"Lunas")) -> 0 | C29: =IF(A29="","",B29-SUMIFS('DETAIL TRANSAKSI'!$L$5:$L$504,'DETAIL TRANSAKSI'!$P$5:$P$504,A29,'DETAIL TRANSAKSI'!$Q$5:$Q$504,"Lunas")-SUMIFS(PENGELUARAN!$E$5:$E$504,PENGELUARAN!$B$5:$B$504,A29,PENGELUARAN!$I$5:$I$504,"Ya")-SUMIFS('PERGERAKAN STOK'!$M$5:$M$504,'PERGERAKAN STOK'!$B$5:$B$504,">="&A29,'PERGERAKAN STOK'!$B$5:$B$504,"<"&(A29+1))) -> 0 | E29: =IF('MASTER MENU'!A6="","",'MASTER MENU'!B6) -> Americano | F29: =IF(E29="","",SUMIFS('DETAIL TRANSAKSI'!$E$5:$E$504,'DETAIL TRANSAKSI'!$B$5:$B$504,'MASTER MENU'!A6,'DETAIL TRANSAKSI'!$P$5:$P$504,">="&$B$3,'DETAIL TRANSAKSI'!$P$5:$P$504,"<="&$D$3,'DETAIL TRANSAKSI'!$Q$5:$Q$504,"Lunas")) -> 1 | G29: =A29 -> 46307 | H29: =C29 -> 0
A30: =IF(A29<$D$3,A29+1,"") -> 46308 | B30: =IF(A30="","",SUMIFS('TRANSAKSI PENJUALAN'!$K$5:$K$504,'TRANSAKSI PENJUALAN'!$B$5:$B$504,A30,'TRANSAKSI PENJUALAN'!$M$5:$M$504,"Lunas")) -> 0 | C30: =IF(A30="","",B30-SUMIFS('DETAIL TRANSAKSI'!$L$5:$L$504,'DETAIL TRANSAKSI'!$P$5:$P$504,A30,'DETAIL TRANSAKSI'!$Q$5:$Q$504,"Lunas")-SUMIFS(PENGELUARAN!$E$5:$E$504,PENGELUARAN!$B$5:$B$504,A30,PENGELUARAN!$I$5:$I$504,"Ya")-SUMIFS('PERGERAKAN STOK'!$M$5:$M$504,'PERGERAKAN STOK'!$B$5:$B$504,">="&A30,'PERGERAKAN STOK'!$B$5:$B$504,"<"&(A30+1))) -> 0 | E30: =IF('MASTER MENU'!A7="","",'MASTER MENU'!B7) -> Latte | F30: =IF(E30="","",SUMIFS('DETAIL TRANSAKSI'!$E$5:$E$504,'DETAIL TRANSAKSI'!$B$5:$B$504,'MASTER MENU'!A7,'DETAIL TRANSAKSI'!$P$5:$P$504,">="&$B$3,'DETAIL TRANSAKSI'!$P$5:$P$504,"<="&$D$3,'DETAIL TRANSAKSI'!$Q$5:$Q$504,"Lunas")) -> 1 | G30: =A30 -> 46308 | H30: =C30 -> 0
A31: =IF(A30<$D$3,A30+1,"") -> 46309 | B31: =IF(A31="","",SUMIFS('TRANSAKSI PENJUALAN'!$K$5:$K$504,'TRANSAKSI PENJUALAN'!$B$5:$B$504,A31,'TRANSAKSI PENJUALAN'!$M$5:$M$504,"Lunas")) -> 0 | C31: =IF(A31="","",B31-SUMIFS('DETAIL TRANSAKSI'!$L$5:$L$504,'DETAIL TRANSAKSI'!$P$5:$P$504,A31,'DETAIL TRANSAKSI'!$Q$5:$Q$504,"Lunas")-SUMIFS(PENGELUARAN!$E$5:$E$504,PENGELUARAN!$B$5:$B$504,A31,PENGELUARAN!$I$5:$I$504,"Ya")-SUMIFS('PERGERAKAN STOK'!$M$5:$M$504,'PERGERAKAN STOK'!$B$5:$B$504,">="&A31,'PERGERAKAN STOK'!$B$5:$B$504,"<"&(A31+1))) -> 0 | E31: =IF('MASTER MENU'!A8="","",'MASTER MENU'!B8) -> Matcha Latte | F31: =IF(E31="","",SUMIFS('DETAIL TRANSAKSI'!$E$5:$E$504,'DETAIL TRANSAKSI'!$B$5:$B$504,'MASTER MENU'!A8,'DETAIL TRANSAKSI'!$P$5:$P$504,">="&$B$3,'DETAIL TRANSAKSI'!$P$5:$P$504,"<="&$D$3,'DETAIL TRANSAKSI'!$Q$5:$Q$504,"Lunas")) -> 1 | G31: =A31 -> 46309 | H31: =C31 -> 0
A32: =IF(A31<$D$3,A31+1,"") -> 46310 | B32: =IF(A32="","",SUMIFS('TRANSAKSI PENJUALAN'!$K$5:$K$504,'TRANSAKSI PENJUALAN'!$B$5:$B$504,A32,'TRANSAKSI PENJUALAN'!$M$5:$M$504,"Lunas")) -> 0 | C32: =IF(A32="","",B32-SUMIFS('DETAIL TRANSAKSI'!$L$5:$L$504,'DETAIL TRANSAKSI'!$P$5:$P$504,A32,'DETAIL TRANSAKSI'!$Q$5:$Q$504,"Lunas")-SUMIFS(PENGELUARAN!$E$5:$E$504,PENGELUARAN!$B$5:$B$504,A32,PENGELUARAN!$I$5:$I$504,"Ya")-SUMIFS('PERGERAKAN STOK'!$M$5:$M$504,'PERGERAKAN STOK'!$B$5:$B$504,">="&A32,'PERGERAKAN STOK'!$B$5:$B$504,"<"&(A32+1))) -> 0 | E32: =IF('MASTER MENU'!A9="","",'MASTER MENU'!B9) -> Teh Lemon | F32: =IF(E32="","",SUMIFS('DETAIL TRANSAKSI'!$E$5:$E$504,'DETAIL TRANSAKSI'!$B$5:$B$504,'MASTER MENU'!A9,'DETAIL TRANSAKSI'!$P$5:$P$504,">="&$B$3,'DETAIL TRANSAKSI'!$P$5:$P$504,"<="&$D$3,'DETAIL TRANSAKSI'!$Q$5:$Q$504,"Lunas")) -> 1 | G32: =A32 -> 46310 | H32: =C32 -> 0
A33: =IF(A32<$D$3,A32+1,"") -> 46311 | B33: =IF(A33="","",SUMIFS('TRANSAKSI PENJUALAN'!$K$5:$K$504,'TRANSAKSI PENJUALAN'!$B$5:$B$504,A33,'TRANSAKSI PENJUALAN'!$M$5:$M$504,"Lunas")) -> 0 | C33: =IF(A33="","",B33-SUMIFS('DETAIL TRANSAKSI'!$L$5:$L$504,'DETAIL TRANSAKSI'!$P$5:$P$504,A33,'DETAIL TRANSAKSI'!$Q$5:$Q$504,"Lunas")-SUMIFS(PENGELUARAN!$E$5:$E$504,PENGELUARAN!$B$5:$B$504,A33,PENGELUARAN!$I$5:$I$504,"Ya")-SUMIFS('PERGERAKAN STOK'!$M$5:$M$504,'PERGERAKAN STOK'!$B$5:$B$504,">="&A33,'PERGERAKAN STOK'!$B$5:$B$504,"<"&(A33+1))) -> 0 | E33: =IF('MASTER MENU'!A10="","",'MASTER MENU'!B10) -> Croissant Butter | F33: =IF(E33="","",SUMIFS('DETAIL TRANSAKSI'!$E$5:$E$504,'DETAIL TRANSAKSI'!$B$5:$B$504,'MASTER MENU'!A10,'DETAIL TRANSAKSI'!$P$5:$P$504,">="&$B$3,'DETAIL TRANSAKSI'!$P$5:$P$504,"<="&$D$3,'DETAIL TRANSAKSI'!$Q$5:$Q$504,"Lunas")) -> 1 | G33: =A33 -> 46311 | H33: =C33 -> 0
A34: =IF(A33<$D$3,A33+1,"") -> 46312 | B34: =IF(A34="","",SUMIFS('TRANSAKSI PENJUALAN'!$K$5:$K$504,'TRANSAKSI PENJUALAN'!$B$5:$B$504,A34,'TRANSAKSI PENJUALAN'!$M$5:$M$504,"Lunas")) -> 0 | C34: =IF(A34="","",B34-SUMIFS('DETAIL TRANSAKSI'!$L$5:$L$504,'DETAIL TRANSAKSI'!$P$5:$P$504,A34,'DETAIL TRANSAKSI'!$Q$5:$Q$504,"Lunas")-SUMIFS(PENGELUARAN!$E$5:$E$504,PENGELUARAN!$B$5:$B$504,A34,PENGELUARAN!$I$5:$I$504,"Ya")-SUMIFS('PERGERAKAN STOK'!$M$5:$M$504,'PERGERAKAN STOK'!$B$5:$B$504,">="&A34,'PERGERAKAN STOK'!$B$5:$B$504,"<"&(A34+1))) -> 0 | E34: =IF('MASTER MENU'!A11="","",'MASTER MENU'!B11) -> Nasi Goreng | F34: =IF(E34="","",SUMIFS('DETAIL TRANSAKSI'!$E$5:$E$504,'DETAIL TRANSAKSI'!$B$5:$B$504,'MASTER MENU'!A11,'DETAIL TRANSAKSI'!$P$5:$P$504,">="&$B$3,'DETAIL TRANSAKSI'!$P$5:$P$504,"<="&$D$3,'DETAIL TRANSAKSI'!$Q$5:$Q$504,"Lunas")) -> 1 | G34: =A34 -> 46312 | H34: =C34 -> 0
A35: =IF(A34<$D$3,A34+1,"") -> 46313 | B35: =IF(A35="","",SUMIFS('TRANSAKSI PENJUALAN'!$K$5:$K$504,'TRANSAKSI PENJUALAN'!$B$5:$B$504,A35,'TRANSAKSI PENJUALAN'!$M$5:$M$504,"Lunas")) -> 0 | C35: =IF(A35="","",B35-SUMIFS('DETAIL TRANSAKSI'!$L$5:$L$504,'DETAIL TRANSAKSI'!$P$5:$P$504,A35,'DETAIL TRANSAKSI'!$Q$5:$Q$504,"Lunas")-SUMIFS(PENGELUARAN!$E$5:$E$504,PENGELUARAN!$B$5:$B$504,A35,PENGELUARAN!$I$5:$I$504,"Ya")-SUMIFS('PERGERAKAN STOK'!$M$5:$M$504,'PERGERAKAN STOK'!$B$5:$B$504,">="&A35,'PERGERAKAN STOK'!$B$5:$B$504,"<"&(A35+1))) -> 0 | E35: =IF('MASTER MENU'!A12="","",'MASTER MENU'!B12) -> Kentang Goreng | F35: =IF(E35="","",SUMIFS('DETAIL TRANSAKSI'!$E$5:$E$504,'DETAIL TRANSAKSI'!$B$5:$B$504,'MASTER MENU'!A12,'DETAIL TRANSAKSI'!$P$5:$P$504,">="&$B$3,'DETAIL TRANSAKSI'!$P$5:$P$504,"<="&$D$3,'DETAIL TRANSAKSI'!$Q$5:$Q$504,"Lunas")) -> 1 | G35: =A35 -> 46313 | H35: =C35 -> 0
A36: =IF(A35<$D$3,A35+1,"") -> 46314 | B36: =IF(A36="","",SUMIFS('TRANSAKSI PENJUALAN'!$K$5:$K$504,'TRANSAKSI PENJUALAN'!$B$5:$B$504,A36,'TRANSAKSI PENJUALAN'!$M$5:$M$504,"Lunas")) -> 0 | C36: =IF(A36="","",B36-SUMIFS('DETAIL TRANSAKSI'!$L$5:$L$504,'DETAIL TRANSAKSI'!$P$5:$P$504,A36,'DETAIL TRANSAKSI'!$Q$5:$Q$504,"Lunas")-SUMIFS(PENGELUARAN!$E$5:$E$504,PENGELUARAN!$B$5:$B$504,A36,PENGELUARAN!$I$5:$I$504,"Ya")-SUMIFS('PERGERAKAN STOK'!$M$5:$M$504,'PERGERAKAN STOK'!$B$5:$B$504,">="&A36,'PERGERAKAN STOK'!$B$5:$B$504,"<"&(A36+1))) -> 0 | E36: =IF('MASTER MENU'!A13="","",'MASTER MENU'!B13) -> Espresso | F36: =IF(E36="","",SUMIFS('DETAIL TRANSAKSI'!$E$5:$E$504,'DETAIL TRANSAKSI'!$B$5:$B$504,'MASTER MENU'!A13,'DETAIL TRANSAKSI'!$P$5:$P$504,">="&$B$3,'DETAIL TRANSAKSI'!$P$5:$P$504,"<="&$D$3,'DETAIL TRANSAKSI'!$Q$5:$Q$504,"Lunas")) -> 1 | G36: =A36 -> 46314 | H36: =C36 -> 0
